insert into DEPARTMENT (dept_id, dept_name) values (10, 'Research and Development');
insert into DEPARTMENT (dept_id, dept_name) values (20, 'Sales');
insert into DEPARTMENT (dept_id, dept_name) values (30, 'Human Resources');
insert into DEPARTMENT (dept_id, dept_name) values (40, 'Accounting');
insert into DEPARTMENT (dept_id, dept_name) values (50, 'Marketing');
insert into DEPARTMENT (dept_id, dept_name) values (60, 'Finanace');
insert into DEPARTMENT (dept_id, dept_name) values (70, 'Operations');
insert into DEPARTMENT (dept_id, dept_name) values (80, 'Production')



insert into designation (designation_id, designation_name) values (101, 'VP Accounting');
insert into designation (designation_id, designation_name) values (102, 'Design Engineer');
insert into designation (designation_id, designation_name) values (103, 'Senior Developer');
insert into designation (designation_id, designation_name) values (104, 'Software Engineer');
insert into designation (designation_id, designation_name) values (105, 'Media Manager');
insert into designation (designation_id, designation_name) values (106, 'Automation Specialist');
insert into designation (designation_id, designation_name) values (107, 'Project Manager');
insert into designation (designation_id, designation_name) values (108, 'Help Desk Operator');




insert into hrms_employ_leaves (leave_id, emp_id, leave_startdate, leave_enddate, leavetype) values (8001,1085,'2020-12-07', '2020-12-10', 'annual');
insert into hrms_employ_leaves (leave_id, emp_id, leave_startdate, leave_enddate, leavetype) values (8002,1049,'2020-12-14','2020-12-20', 'sick');
insert into hrms_employ_leaves (leave_id, emp_id, leave_startdate, leave_enddate, leavetype) values (8003,1050,'2020-12-18','2020-12-31', 'casual');
insert into hrms_employ_leaves (leave_id, emp_id, leave_startdate, leave_enddate, leavetype) values (8004,1070,'2020-12-21','2020-12-22', 'sick');
insert into hrms_employ_leaves (leave_id, emp_id, leave_startdate, leave_enddate, leavetype) values (8005,1076,'2020-12-22', '2020-12-24', 'annual');
insert into hrms_employ_leaves (leave_id, emp_id, leave_startdate, leave_enddate, leavetype) values (8006,1014,'2020-12-23', '2021-01-15', 'casual');
insert into hrms_employ_leaves (leave_id, emp_id, leave_startdate, leave_enddate, leavetype) values (8007,1011,'2020-12-23', '2020-01-02', 'casual');
insert into hrms_employ_leaves (leave_id, emp_id, leave_startdate, leave_enddate, leavetype) values (8008,1037,'2020-12-24', '2021-01-13', 'annual');
insert into hrms_employ_leaves (leave_id, emp_id, leave_startdate, leave_enddate, leavetype) values (8009,1065,'2020-12-24', '2021-01-02', 'sick');
insert into hrms_employ_leaves (leave_id, emp_id, leave_startdate, leave_enddate, leavetype) values (8010,1019,'2020-12-24', '2021-01-20', 'casual');
insert into hrms_employ_leaves (leave_id, emp_id, leave_startdate, leave_enddate, leavetype) values (8011,1015,'2020-12-25', '2021-01-07', 'casual');
insert into hrms_employ_leaves (leave_id, emp_id, leave_startdate, leave_enddate, leavetype) values (8012,1034,'2020-12-25', '2021-01-25', 'annual');
insert into hrms_employ_leaves (leave_id, emp_id, leave_startdate, leave_enddate, leavetype) values (8013,1007,'2020-12-25', '2021-01-04', 'sick');
insert into hrms_employ_leaves (leave_id, emp_id, leave_startdate, leave_enddate, leavetype) values (8014,1006,'2020-12-25', '2021-01-10', 'sick');
insert into hrms_employ_leaves (leave_id, emp_id, leave_startdate, leave_enddate, leavetype) values (8015,1059,'2021-01-02', '2021-01-10', 'earned');
insert into hrms_employ_leaves (leave_id, emp_id, leave_startdate, leave_enddate, leavetype) values (8016,1063, '2021-01-04', '2021-01-05', 'annual');
insert into hrms_employ_leaves (leave_id, emp_id, leave_startdate, leave_enddate, leavetype) values (8017,1027,'2021-01-04', '2021-01-08', 'casual');
insert into hrms_employ_leaves (leave_id, emp_id, leave_startdate, leave_enddate, leavetype) values (8018,1021,'2021-01-12', '2021-01-16', 'casual');
insert into hrms_employ_leaves (leave_id, emp_id, leave_startdate, leave_enddate, leavetype) values (8019,1067, '2021-01-19', '2021-02-23', 'casual');
insert into hrms_employ_leaves (leave_id, emp_id, leave_startdate, leave_enddate, leavetype) values (8020,1010,'2021-01-25', '2021-01-26', 'annual');
insert into hrms_employ_leaves (leave_id, emp_id, leave_startdate, leave_enddate, leavetype) values (8021,1014,'2020-01-26', '2021-01-30', 'sick');
insert into hrms_employ_leaves (leave_id, emp_id, leave_startdate, leave_enddate, leavetype) values (8022,1040, '2021-02-03', '2021-02-04', 'earned');
insert into hrms_employ_leaves (leave_id, emp_id, leave_startdate, leave_enddate, leavetype) values (8023,1099,'2021-02-03', '2021-02-06', 'casual');
insert into hrms_employ_leaves (leave_id, emp_id, leave_startdate, leave_enddate, leavetype) values (8024,1087,'2021-02-07', '2021-02-13', 'earned');
insert into hrms_employ_leaves (leave_id, emp_id, leave_startdate, leave_enddate, leavetype) values (8025,1045,'2021-02-11', '2021-12-15', 'earned');
insert into hrms_employ_leaves (leave_id, emp_id, leave_startdate, leave_enddate, leavetype) values (8026,1055,'2021-02-15', '2021-03-22', 'casual');
insert into hrms_employ_leaves (leave_id, emp_id, leave_startdate, leave_enddate, leavetype) values (8027,1014,'2021-02-18', '2021-02-20', 'annual');
insert into hrms_employ_leaves (leave_id, emp_id, leave_startdate, leave_enddate, leavetype) values (8028,1028,'2021-02-23', '2021-02-25', 'sick');
insert into hrms_employ_leaves (leave_id, emp_id, leave_startdate, leave_enddate, leavetype) values (8029,1061,'2021-02-24', '2021-02-26', 'annual');
insert into hrms_employ_leaves (leave_id, emp_id, leave_startdate, leave_enddate, leavetype) values (8030,1089,'2021-02-28', '2021-03-09', 'casual');
insert into hrms_employ_leaves (leave_id, emp_id, leave_startdate, leave_enddate, leavetype) values (8031,1091,'2021-03-01', '2021-03-04', 'sick');
insert into hrms_employ_leaves (leave_id, emp_id, leave_startdate, leave_enddate, leavetype) values (8032,1082,'2021-03-01', '2021-03-26', 'annual');
insert into hrms_employ_leaves (leave_id, emp_id, leave_startdate, leave_enddate, leavetype) values (8033,1021,'2021-03-03', '2021-03-12', 'casual');
insert into hrms_employ_leaves (leave_id, emp_id, leave_startdate, leave_enddate, leavetype) values (8034,1030,'2021-03-07', '2021-03-24', 'annual');
insert into hrms_employ_leaves (leave_id, emp_id, leave_startdate, leave_enddate, leavetype) values (8035,1047,'2021-03-10', '2021-03-16', 'sick');
insert into hrms_employ_leaves (leave_id, emp_id, leave_startdate, leave_enddate, leavetype) values (8036,1094,'2021-03-14', '2021-03-16', 'annual');
insert into hrms_employ_leaves (leave_id, emp_id, leave_startdate, leave_enddate, leavetype) values (8037,1033,'2021-03-19','2021-03-23', 'casual');
insert into hrms_employ_leaves (leave_id, emp_id, leave_startdate, leave_enddate, leavetype) values (8038,1097,'2021-03-21','2021-03-28', 'sick');
insert into hrms_employ_leaves (leave_id, emp_id, leave_startdate, leave_enddate, leavetype) values (8039,1090,'2021-04-04','2021-04-13', 'earned');
insert into hrms_employ_leaves (leave_id, emp_id, leave_startdate, leave_enddate, leavetype) values (8040,1087,'2021-04-07','2021-04-18', 'casual');
insert into hrms_employ_leaves (leave_id, emp_id, leave_startdate, leave_enddate, leavetype) values (8041,1054,'2021-04-11','2021-04-23', 'annual');
insert into hrms_employ_leaves (leave_id, emp_id, leave_startdate, leave_enddate, leavetype) values (8042,1093,'2021-04-14','2021-04-26', 'casual');
insert into hrms_employ_leaves (leave_id, emp_id, leave_startdate, leave_enddate, leavetype) values (8043,1084,'2021-04-16','2021-04-25', 'sick');
insert into hrms_employ_leaves (leave_id, emp_id, leave_startdate, leave_enddate, leavetype) values (8044,1031,'2021-04-21','2021-04-29', 'sick');
insert into hrms_employ_leaves (leave_id, emp_id, leave_startdate, leave_enddate, leavetype) values (8045,1063,'2021-04-25','2021-04-28', 'casual');
insert into hrms_employ_leaves (leave_id, emp_id, leave_startdate, leave_enddate, leavetype) values (8046,1097,'2021-05-02','2020-05-29', 'earned');
insert into hrms_employ_leaves (leave_id, emp_id, leave_startdate, leave_enddate, leavetype) values (8047,1040,'2021-05-05','2021-05-11', 'casual');
insert into hrms_employ_leaves (leave_id, emp_id, leave_startdate, leave_enddate, leavetype) values (8048,1057,'2021-05-09','2021-06-18', 'sick');
insert into hrms_employ_leaves (leave_id, emp_id, leave_startdate, leave_enddate, leavetype) values (8049,1013,'2021-05-13','2021-07-03', 'annual');
insert into hrms_employ_leaves (leave_id, emp_id, leave_startdate, leave_enddate, leavetype) values (8050,1092,'2021-05-17','2021-06-06', 'casual');
insert into hrms_employ_leaves (leave_id, emp_id, leave_startdate, leave_enddate, leavetype) values (8051,1032,'2021-05-20','2021-06-09', 'earned');
insert into hrms_employ_leaves (leave_id, emp_id, leave_startdate, leave_enddate, leavetype) values (8052,1082,'2021-05-22','2021-06-11', 'casual');
insert into hrms_employ_leaves (leave_id, emp_id, leave_startdate, leave_enddate, leavetype) values (8053,1096,'2021-05-22','2021-06-18', 'annual');
insert into hrms_employ_leaves (leave_id, emp_id, leave_startdate, leave_enddate, leavetype) values (8054,1056,'2021-05-27','2020-05-28', 'sick');
insert into hrms_employ_leaves (leave_id, emp_id, leave_startdate, leave_enddate, leavetype) values (8055,1021,'2021-06-01','2021-07-11', 'sick');
insert into hrms_employ_leaves (leave_id, emp_id, leave_startdate, leave_enddate, leavetype) values (8056,1084,'2021-06-03','2021-06-23', 'annual');
insert into hrms_employ_leaves (leave_id, emp_id, leave_startdate, leave_enddate, leavetype) values (8057,1015,'2021-06-08','2021-06-26', 'sick');
insert into hrms_employ_leaves (leave_id, emp_id, leave_startdate, leave_enddate, leavetype) values (8058,1032,'2021-06-10','2021-06-11', 'casual');
insert into hrms_employ_leaves (leave_id, emp_id, leave_startdate, leave_enddate, leavetype) values (8059,1004,'2021-06-13','2021-06-21', 'annual');
insert into hrms_employ_leaves (leave_id, emp_id, leave_startdate, leave_enddate, leavetype) values (8060,1005,'2021-06-17','2021-07-10', 'sick');
insert into hrms_employ_leaves (leave_id, emp_id, leave_startdate, leave_enddate, leavetype) values (8061,1080,'2021-06-21','2021-07-15', 'sick');
insert into hrms_employ_leaves (leave_id, emp_id, leave_startdate, leave_enddate, leavetype) values (8062,1040,'2021-06-27','2021-07-10', 'earned');
insert into hrms_employ_leaves (leave_id, emp_id, leave_startdate, leave_enddate, leavetype) values (8063,1005,'2021-07-01','2021-07-08', 'annual');
insert into hrms_employ_leaves (leave_id, emp_id, leave_startdate, leave_enddate, leavetype) values (8064,1011,'2021-07-03','2021-07-05', 'sick');
insert into hrms_employ_leaves (leave_id, emp_id, leave_startdate, leave_enddate, leavetype) values (8065,1072,'2021-07-06','2021-07-23', 'sick');
insert into hrms_employ_leaves (leave_id, emp_id, leave_startdate, leave_enddate, leavetype) values (8066,1029,'2021-07-12','2021-10-07', 'casual');
insert into hrms_employ_leaves (leave_id, emp_id, leave_startdate, leave_enddate, leavetype) values (8067,1069,'2021-07-17','2021-07-24', 'earned');
insert into hrms_employ_leaves (leave_id, emp_id, leave_startdate, leave_enddate, leavetype) values (8068,1035,'2021-07-25','2021-08-09', 'earned');
insert into hrms_employ_leaves (leave_id, emp_id, leave_startdate, leave_enddate, leavetype) values (8069,1054,'2021-07-28','2021-08-30', 'sick');
insert into hrms_employ_leaves (leave_id, emp_id, leave_startdate, leave_enddate, leavetype) values (8070,1084,'2021-08-03','2021-08-27', 'casual');
insert into hrms_employ_leaves (leave_id, emp_id, leave_startdate, leave_enddate, leavetype) values (8071,1065,'2021-08-06','2021-09-02', 'sick');
insert into hrms_employ_leaves (leave_id, emp_id, leave_startdate, leave_enddate, leavetype) values (8072,1040,'2021-08-11','2021-08-22', 'annual');
insert into hrms_employ_leaves (leave_id, emp_id, leave_startdate, leave_enddate, leavetype) values (8073,1070,'2021-08-13','2021-08-30', 'annual');
insert into hrms_employ_leaves (leave_id, emp_id, leave_startdate, leave_enddate, leavetype) values (8074,1060, '2021-08-17','2021-09-07', 'sick');
insert into hrms_employ_leaves (leave_id, emp_id, leave_startdate, leave_enddate, leavetype) values (8075,1048, '2021-08-23','2021-09-05', 'casual');
insert into hrms_employ_leaves (leave_id, emp_id, leave_startdate, leave_enddate, leavetype) values (8076,1058,'2021-08-24','2021-08-27', 'annual');
insert into hrms_employ_leaves (leave_id, emp_id, leave_startdate, leave_enddate, leavetype) values (8077, 1092,'2021-08-24','2021-09-13', 'sick');
insert into hrms_employ_leaves (leave_id, emp_id, leave_startdate, leave_enddate, leavetype) values (8078,1025,'2021-08-26','2021-10-26', 'casual');
insert into hrms_employ_leaves (leave_id, emp_id, leave_startdate, leave_enddate, leavetype) values (8079,1014'2021-08-28','2021-08-29', 'annual');
insert into hrms_employ_leaves (leave_id, emp_id, leave_startdate, leave_enddate, leavetype) values (8080,1030,'2021-09-02','2021-09-16', 'casual');
insert into hrms_employ_leaves (leave_id, emp_id, leave_startdate, leave_enddate, leavetype) values (8081,1069,'2021-09-06','2021-09-19', 'sick');
insert into hrms_employ_leaves (leave_id, emp_id, leave_startdate, leave_enddate, leavetype) values (8082,1076,'2021-09-07','2021-10-29', 'annual');
insert into hrms_employ_leaves (leave_id, emp_id, leave_startdate, leave_enddate, leavetype) values (8083,1090,'2021-09-07','2021-09-12', 'casual');
insert into hrms_employ_leaves (leave_id, emp_id, leave_startdate, leave_enddate, leavetype) values (8084,1054,'2021-09-09','2021-09-14', 'annual');
insert into hrms_employ_leaves (leave_id, emp_id, leave_startdate, leave_enddate, leavetype) values (8085,1069,'2021-09-12','2021-09-15', 'earned');
insert into hrms_employ_leaves (leave_id, emp_id, leave_startdate, leave_enddate, leavetype) values (8086,1014,'2021-09-17','2021-09-21', 'casual');
insert into hrms_employ_leaves (leave_id, emp_id, leave_startdate, leave_enddate, leavetype) values (8087,1072,'2021-09-26','2021-09-28', 'annual');
insert into hrms_employ_leaves (leave_id, emp_id, leave_startdate, leave_enddate, leavetype) values (8088,1019,'2021-10-03','2021-10-10', 'sick');
insert into hrms_employ_leaves (leave_id, emp_id, leave_startdate, leave_enddate, leavetype) values (8089,1035,'2021-10-07','2021-10-08', 'sick');
insert into hrms_employ_leaves (leave_id, emp_id, leave_startdate, leave_enddate, leavetype) values (8090,1077,'2021-10-11','2020-10-17', 'casual');
insert into hrms_employ_leaves (leave_id, emp_id, leave_startdate, leave_enddate, leavetype) values (8091,1028,'2021-10-17','2021-10-22', 'annual');
insert into hrms_employ_leaves (leave_id, emp_id, leave_startdate, leave_enddate, leavetype) values (8092,1026,'2021-10-21','2020-10-24', 'sick');
insert into hrms_employ_leaves (leave_id, emp_id, leave_startdate, leave_enddate, leavetype) values (8093,1068,'2021-10-25','2021-10-26', 'casual');
insert into hrms_employ_leaves (leave_id, emp_id, leave_startdate, leave_enddate, leavetype) values (8094,1019,'2021-10-27','2021-11-16', 'earned');
insert into hrms_employ_leaves (leave_id, emp_id, leave_startdate, leave_enddate, leavetype) values (8095,1048,'2021-11-10','2021-11-22', 'annual');
insert into hrms_employ_leaves (leave_id, emp_id, leave_startdate, leave_enddate, leavetype) values (8096,1081,'2021-11-14','2021-11-19', 'casual');
insert into hrms_employ_leaves (leave_id, emp_id, leave_startdate, leave_enddate, leavetype) values (8097,1093,'2021-11-19','2021-12-05', 'earned');
insert into hrms_employ_leaves (leave_id, emp_id, leave_startdate, leave_enddate, leavetype) values (8098,1028,'2021-11-23','2021-11-26', 'casual');
insert into hrms_employ_leaves (leave_id, emp_id, leave_startdate, leave_enddate, leavetype) values (8099,1071, '2021-12-05','2021-09-10', 'earned');
insert into hrms_employ_leaves (leave_id, emp_id, leave_startdate, leave_enddate, leavetype) values (8100,1023, '2021-12-05','2021-12-11', 'annual');











insert into hrms_employee_details (emp_id, first_name, middle_name, last_name,designation_id,dept_id, birthdate, sex, company_emailid, phone_no, houseno, street_name, city, pincode, employment_date, reporting_manager) values (1001, 'Raleigh', 'Artair', 'Odlin',101,20, '1990-09-23','M', 'iodlin0@intel.com', '111-566-5790', '12', 'Cambridge', 'Sindangkopo', 02115, '2021-07-09', 'Ignatius');
insert into hrms_employee_details (emp_id, first_name, middle_name, last_name,designation_id,dept_id, birthdate, sex, company_emailid, phone_no, houseno, street_name, city, pincode, employment_date, reporting_manager) values (1002, 'Cross', 'Algernon', 'Hurnell',102,10 '1997-07-19','M', 'phurnell1@smugmug.com', '301-274-5296', '63', 'Killdeer', 'Gävle', 80106, '2021-09-26', 'Prentice');
insert into hrms_employee_details (emp_id, first_name, middle_name, last_name,designation_id,dept_id, birthdate, sex, company_emailid, phone_no, houseno, street_name, city, pincode, employment_date, reporting_manager) values (1003, 'Baily', 'Pancho', 'Atcock',104,60,'2000-02-20','M','satcock2@dmoz.org', '943-632-6222', '1942', 'Fairview', 'Nuwaybi‘a', 87654, '2021-05-12', 'Sloan');
insert into hrms_employee_details (emp_id, first_name, middle_name, last_name, designation_id,dept_id,birthdate, sex, company_emailid, phone_no, houseno, street_name, city, pincode, employment_date, reporting_manager) values (1004, 'Electra', 'Maddi', 'Wakeley',102,50,'1980-12-07','F','nwakeley3@creativecommons.org', '405-778-7554', '62842', 'Mcbride', 'Kretinga', 97001, '2021-10-27', 'Nerty');
insert into hrms_employee_details (emp_id, first_name, middle_name, last_name,designation_id,dept_id, birthdate, sex, company_emailid, phone_no, houseno, street_name, city, pincode, employment_date, reporting_manager) values (1005, 'Vidovik', 'Quentin', 'Morison',105,30,'1985-05-25','M','mmorison4@ebay.co.uk','203-998-1345', '2', 'Northfield', 'Ta‘izz', 12345, '2021-03-25', 'Marlon');
insert into hrms_employee_details (emp_id, first_name, middle_name, last_name,designation_id,dept_id, birthdate, sex, company_emailid, phone_no, houseno, street_name, city, pincode, employment_date, reporting_manager) values (1006, 'Sheree', 'Eula', 'Aleksankin',104,70, '1990-03-13','F','raleksankin5@sohu.com','436-705-3027', '5621', 'Nelson', 'Mahaddayweyne', 45678, '2021-02-09', 'Rosaline');
insert into hrms_employee_details (emp_id, first_name, middle_name, last_name,designation_id,dept_id, birthdate, sex, company_emailid, phone_no, houseno, street_name, city, pincode, employment_date, reporting_manager) values (1007, 'Clementina', 'Marlee', 'Draijer',104,30,'2000-02-16','F','gdraijer6@rediff.com','621-262-9274', '9065', 'Loomis', 'Pisaras', 56787, '2021-08-01', 'Gilli');
insert into hrms_employee_details (emp_id, first_name, middle_name, last_name,designation_id,dept_id, birthdate, sex, company_emailid, phone_no, houseno, street_name, city, pincode, employment_date, reporting_manager) values (1008, 'Thebault', 'Theodoric', 'Sinnett',107,30,'1998-10-30','M','msinnett7@reddit.com','197-735-6755', '7', 'Gina', 'Kasamwa', 34567, '2021-01-03', 'Mikol');
insert into hrms_employee_details (emp_id, first_name, middle_name, last_name,designation_id,dept_id, birthdate, sex, company_emailid, phone_no, houseno, street_name, city, pincode, employment_date, reporting_manager) values (1009, 'Isacco', 'Darby', 'Illesley',103,80,'1995-06-24','M','millesley8@wiley.com','418-725-5017', '3', 'Moulton', 'Bang Len', 73130, '2021-06-10','Matthiew');
insert into hrms_employee_details (emp_id, first_name, middle_name, last_name,designation_id,dept_id, birthdate, sex, company_emailid, phone_no, houseno, street_name, city, pincode, employment_date, reporting_manager) values (1010, 'Joe', 'Reinwald', 'Camier',105,70,'1996-02-10','M','rcamier9@virginia.edu','762-359-8276', '38', 'Pond', 'Yoshii', 95220, '2020-12-25','Rowan');
insert into hrms_employee_details (emp_id, first_name, middle_name, last_name,designation_id,dept_id, birthdate, sex, company_emailid, phone_no, houseno, street_name, city, pincode, employment_date, reporting_manager) values (1011, 'Erv', 'Padraig', 'Harbage',103,60,'1999-12-08','M','hharbagea@bloglovin.com','886-991-1883', '53734', 'Forster', 'Ntoroko', 94357, '2021-09-26','Herby');
insert into hrms_employee_details (emp_id, first_name, middle_name, last_name,designation_id,dept_id, birthdate, sex, company_emailid, phone_no, houseno, street_name, city, pincode, employment_date, reporting_manager) values (1012, 'Nanine', 'Edita', 'Leisman',104,60,'2000-04-27','F','lleismanb@rakuten.co.jp','702-245-4076', '27774', 'Park Meadow', 'Siverskiy', 18835, '2021-01-08','Leontine');
insert into hrms_employee_details (emp_id, first_name, middle_name, last_name,designation_id,dept_id, birthdate, sex, company_emailid, phone_no, houseno, street_name, city, pincode, employment_date, reporting_manager) values (1013, 'Ki', 'Romola', 'Mcimmie',101,70,'2011-03-09', 'F','lmcimmiec@infoseek.co.jp','838-339-6864', '34', 'Sachs', 'Ibaraki', 64921, '2021-01-05','Lorna');
insert into hrms_employee_details (emp_id, first_name, middle_name, last_name,designation_id,dept_id, birthdate, sex, company_emailid, phone_no, houseno, street_name, city, pincode, employment_date, reporting_manager) values (1014, 'Francis', 'Saw', 'Elliot',105,60,'2000-05-08', 'M','gelliotd@aol.com','575-711-1724', '58771', 'Erie', 'Santiago', 54784, '2021-06-12','Gran');
insert into hrms_employee_details (emp_id, first_name, middle_name, last_name,designation_id,dept_id, birthdate, sex, company_emailid, phone_no, houseno, street_name, city, pincode, employment_date, reporting_manager) values (1015, 'Ethelind', 'Rona', 'Jain',103,70, '1998-12-27', 'F','fjaine@arizona.edu','950-618-2443', '559', 'Anderson', 'Vitomarci', 92255, '2021-06-20','Fredrika');
insert into hrms_employee_details (emp_id, first_name, middle_name, last_name,designation_id,dept_id, birthdate, sex, company_emailid, phone_no, houseno, street_name, city, pincode, employment_date, reporting_manager) values (1016, 'Killy', 'Grove', 'Kleanthous',103,50, '1995-09-27','M','wkleanthousf@buzzfeed.com', '380-543-2909', '78', 'Melby', 'Cibatuireng', 96341, '2021-09-06','Wallace');
insert into hrms_employee_details (emp_id, first_name, middle_name, last_name,designation_id,dept_id, birthdate, sex, company_emailid, phone_no, houseno, street_name, city, pincode, employment_date, reporting_manager) values (1017, 'Audrie', 'Ranique', 'Hayden',104,60,'1994-06-20','F','shaydeng@globo.com','680-219-6866', '30203', 'Loeprich', 'Telheira', 46506, '2021-05-28','Sibbie');
insert into hrms_employee_details (emp_id, first_name, middle_name, last_name,designation_id,dept_id, birthdate, sex, company_emailid, phone_no, houseno, street_name, city, pincode, employment_date, reporting_manager) values (1018, 'Heida', 'Lorain', 'Bletcher',103,80,'1990-09-16','F','pbletcherh@wikia.com','702-255-5623', '3821', 'Gale', 'Không', 94538, '2021-05-03','Paule');
insert into hrms_employee_details (emp_id, first_name, middle_name, last_name,designation_id,dept_id, birthdate, sex, company_emailid, phone_no, houseno, street_name, city, pincode, employment_date, reporting_manager) values (1019, 'Welch', 'Gram', 'Golston',102,80,'1995-07-06', 'M','bgolstoni@w3.org', '366-152-6649', '43', 'Fallview', 'Jantake', 98765, '2021-04-12','Bart');
insert into hrms_employee_details (emp_id, first_name, middle_name, last_name,designation_id,dept_id, birthdate, sex, company_emailid, phone_no, houseno, street_name, city, pincode, employment_date, reporting_manager) values (1020, 'Clayborne', 'Anders', 'Kelner',104,80, '1990-11-08','M','rkelnerj@ucsd.edu','542-324-9120', '5535', 'Nova', 'São Jerônimo', 96700, '2021-02-15','Rockwell');
insert into hrms_employee_details (emp_id, first_name, middle_name, last_name,designation_id,dept_id, birthdate, sex, company_emailid, phone_no, houseno, street_name, city, pincode, employment_date, reporting_manager) values (1021, 'Miguelita', 'Tiffani', 'Kynder',105,60, '1993-01-31','F','mkynderk@t-online.de','863-532-1102', '02', 'Village', 'Maisons-Laffitte', 78604, '2021-03-16','Mead');
insert into hrms_employee_details (emp_id, first_name, middle_name, last_name,designation_id,dept_id, birthdate, sex, company_emailid, phone_no, houseno, street_name, city, pincode, employment_date, reporting_manager) values (1022, 'Silas', 'Dagny', 'Gillbanks',108,20,'1992-09-10','M','tgillbanksl@github.com', '795-576-6825', '430', 'Canary', 'Naha-shi', 90826, '2021-01-29','Timmie');
insert into hrms_employee_details (emp_id, first_name, middle_name, last_name,designation_id,dept_id, birthdate, sex, company_emailid, phone_no, houseno, street_name, city, pincode, employment_date, reporting_manager) values (1023, 'Rik', 'Timoteo', 'Dellow',104,70,'1991-10-17', 'M','cdellowm@msu.edu','747-370-5974', '86695','Knutson', 'Sestroretsk', 19730, '2021-09-19','Clayton');
insert into hrms_employee_details (emp_id, first_name, middle_name, last_name,designation_id,dept_id, birthdate, sex, company_emailid, phone_no, houseno, street_name, city, pincode, employment_date, reporting_manager) values (1024, 'Henka', 'Ruthann', 'Vaney',107,80, '1990-09-04','F','jvaneyn@army.mil','540-873-0986', '82583','Fuller', 'Yarabamba', 76108, '2021-03-24','Jobi');
insert into hrms_employee_details (emp_id, first_name, middle_name, last_name,designation_id,dept_id, birthdate, sex, company_emailid, phone_no, houseno, street_name, city, pincode, employment_date, reporting_manager) values (1025, 'Mufi', 'Tamarra', 'Casterton',101,70, '1995-07-21','F','kcastertono@github.com', '229-878-6715','930', 'Brickson Park', 'Lawrenceville', 30245, '2021-05-18','Kaitlin');
insert into hrms_employee_details (emp_id, first_name, middle_name, last_name,designation_id,dept_id, birthdate, sex, company_emailid, phone_no, houseno, street_name, city, pincode, employment_date, reporting_manager) values (1026, 'Janenna', 'Roby', 'Raitie',102,6,'1997-04-16','F','sraitiep@paypal.com','577-812-3375','3','Farwell', 'Barbaza', 57026, '2021-03-14','Sybil');
insert into hrms_employee_details (emp_id, first_name, middle_name, last_name,designation_id,dept_id, birthdate, sex, company_emailid, phone_no, houseno, street_name, city, pincode, employment_date, reporting_manager) values (1027, 'Kent', 'Ric', 'Mallinar',107,40, '1994-09-24', 'M','wmallinarq@ebay.com','930-283-7093','2583', 'Miller', 'Barbacena', 06200, '2021-08-15','Wade');
insert into hrms_employee_details (emp_id, first_name, middle_name, last_name,designation_id,dept_id, birthdate, sex, company_emailid, phone_no, houseno, street_name, city, pincode, employment_date, reporting_manager) values (1028, 'Montague', 'Reid', 'Butlin',105,80, '1992-01-12','M','rbutlinr@clickbank.net','356-429-6965', '8', 'Sherman', 'Huancarqui', 98564, '2021-03-29','Ross');
insert into hrms_employee_details (emp_id, first_name, middle_name, last_name,designation_id,dept_id, birthdate, sex, company_emailid, phone_no, houseno, street_name, city, pincode, employment_date, reporting_manager) values (1029, 'Mildred', 'Katusha', 'Denyukin',107,20, '1997-06-10','F','kdenyukins@slideshare.net', '925-921-2080', '3', 'Jay', 'Gensi', 98543, '2021-02-08','Kassi');
insert into hrms_employee_details (emp_id, first_name, middle_name, last_name,designation_id,dept_id, birthdate, sex, company_emailid, phone_no, houseno, street_name, city, pincode, employment_date, reporting_manager) values (1030, 'Toby', 'Gerri', 'Somes',104,80,'1998-07-15', 'M','hsomest@ca.gov','971-599-0094', '79100', 'Hayes', 'San Narciso', 43123, '2021-03-27','Harlin');
insert into hrms_employee_details (emp_id, first_name, middle_name, last_name,designation_id,dept_id, birthdate, sex, company_emailid, phone_no, houseno, street_name, city, pincode, employment_date, reporting_manager) values (1031, 'Neddie', 'Clare', 'Clutram',105,20,'1995-08-26','M','eclutramu@netvibes.com', '856-667-3238', '90552', 'Luster', 'Stari Grad', 21460, '2021-02-10','Eugenio');
insert into hrms_employee_details (emp_id, first_name, middle_name, last_name,designation_id,dept_id, birthdate, sex, company_emailid, phone_no, houseno, street_name, city, pincode, employment_date, reporting_manager) values (1032, 'Alia', 'Gladys', 'Tallon', 102,60, '1992-09-19','F','mtallonv@europa.eu', '700-415-2613', '48', 'Buena Vista', 'Huangcai', 65425, '2021-01-05','Mil');
insert into hrms_employee_details (emp_id, first_name, middle_name, last_name,designation_id,dept_id, birthdate, sex, company_emailid, phone_no, houseno, street_name, city, pincode, employment_date, reporting_manager) values (1033, 'Reginauld', 'Fulton', 'Sibary', 105,80,'1993-05-31','M','dsibaryw@huffingtonpost.com', '425-254-6541', '521', 'Oak Valley', 'Sukakarya', 85439, '2021-08-20','Davis');
insert into hrms_employee_details (emp_id, first_name, middle_name, last_name,designation_id,dept_id, birthdate, sex, company_emailid, phone_no, houseno, street_name, city, pincode, employment_date, reporting_manager) values (1034, 'Madelene', 'Sande', 'McGarrity',105,50 ,'1997-09-04','F','emcgarrityx@mail.ru', '500-432-3063', '85448', 'Troy', 'Tintafor', 98542, '2021-02-13','Estrella');
insert into hrms_employee_details (emp_id, first_name, middle_name, last_name,designation_id,dept_id, birthdate, sex, company_emailid, phone_no, houseno, street_name, city, pincode, employment_date, reporting_manager) values (1035, 'Chane', 'Noel', 'Almon',103,80, '1993-06-23', 'M','calmony@purevolume.com', '728-347-5568', '84187', 'Grayhawk', 'Katagum', 34521, '2021-01-07','Cully');
insert into hrms_employee_details (emp_id, first_name, middle_name, last_name,designation_id,dept_id, birthdate, sex, company_emailid, phone_no, houseno, street_name, city, pincode, employment_date, reporting_manager) values (1036, 'Towney', 'Rogers', 'Paulmann',105,70, '1994-06-24','M','dpaulmannz@cloudflare.com', '864-833-2331', '5536', 'Longview', 'Jargalant', 87654, '2021-04-17','Delmor');
insert into hrms_employee_details (emp_id, first_name, middle_name, last_name,designation_id,dept_id, birthdate, sex, company_emailid, phone_no, houseno, street_name, city, pincode, employment_date, reporting_manager) values (1037, 'Salli', 'Kassie', 'Niblett',106,80, '1993-01-04','F', 'cniblett10@booking.com', '815-812-1651', '6295', 'Hoard', 'Senggreng', 65443, '2021-01-10','Cass');
insert into hrms_employee_details (emp_id, first_name, middle_name, last_name,designation_id,dept_id, birthdate, sex, company_emailid, phone_no, houseno, street_name, city, pincode, employment_date, reporting_manager) values (1038, 'Bernie', 'Garrik', 'Jentges',105,80,'1994-07-08', 'M', 'ljentges11@dion.ne.jp', '103-796-5637', '89598', '2nd', 'Tajrīsh', 65432, '2021-12-07','Land');
insert into hrms_employee_details (emp_id, first_name, middle_name, last_name,designation_id,dept_id, birthdate, sex, company_emailid, phone_no, houseno, street_name, city, pincode, employment_date, reporting_manager) values (1039, 'Verine', 'Celie', 'Handrick',108,60,'1993-08-14', 'F', 'hhandrick12@purevolume.com', '474-198-0541', '9', 'Farmco', 'Honglin', 76543, '2021-09-10','Hedy');
insert into hrms_employee_details (emp_id, first_name, middle_name, last_name,designation_id,dept_id, birthdate, sex, company_emailid, phone_no, houseno, street_name, city, pincode, employment_date, reporting_manager) values (1040, 'Ammamaria', 'Latisha', 'Riddock',103,60,'1995-07-07', 'F', 'driddock13@vimeo.com', '533-349-8922', '36599', 'Raven', 'Lukou', 54443, '2021-11-05','Denni');
insert into hrms_employee_details (emp_id, first_name, middle_name, last_name,designation_id,dept_id, birthdate, sex, company_emailid, phone_no, houseno, street_name, city, pincode, employment_date, reporting_manager) values (1041, 'Fielding', 'Cirillo', 'Shill',105,70,'1998-01-18','M', 'mshill14@smh.com.au', '712-324-0270', '90', 'Merry', 'Ankazoabo', 98543, '2021-09-14','Menard');
insert into hrms_employee_details (emp_id, first_name, middle_name, last_name,designation_id,dept_id, birthdate, sex, company_emailid, phone_no, houseno, street_name, city, pincode, employment_date, reporting_manager) values (1042, 'Batholomew', 'Goober', 'McQuilty',104,80,'1996-03-18','M', 'smcquilty15@google.co.jp', '802-982-0199', '7169', 'Daystar', 'Santo Antônio do Monte', 35560, '2021-09-25','Selby');
insert into hrms_employee_details (emp_id, first_name, middle_name, last_name,designation_id,dept_id, birthdate, sex, company_emailid, phone_no, houseno, street_name, city, pincode, employment_date, reporting_manager) values (1043, 'Orazio', 'Adolf', 'Lemar',106,80,'1992-05-16','M','tlemar16@1und1.de', '270-589-2168', '746', 'Dunning', 'Nggelok', 86432, '2021-04-08','Trevar');
insert into hrms_employee_details (emp_id, first_name, middle_name, last_name,designation_id,dept_id, birthdate, sex, company_emailid, phone_no, houseno, street_name, city, pincode, employment_date, reporting_manager) values (1044, 'Dniren', 'Carlynne', 'Zorzenoni',105,9, '1993-07-22', 'F', 'kzorzenoni17@telegraph.co.uk', '817-478-4025', '9829', 'Weeping Birch', 'Tanguiéta', 54324, '2021-03-29','Kimmi');
insert into hrms_employee_details (emp_id, first_name, middle_name, last_name,designation_id,dept_id, birthdate, sex, company_emailid, phone_no, houseno, street_name, city, pincode, employment_date, reporting_manager) values (1045, 'Torr', 'Lee', 'Trasler', 104,20,'1996-10-27','M','btrasler18@gmpg.org', '130-827-2400', '99338', 'Granby', 'Železný Brod', 46822, '2021-08-05','Bertram');
insert into hrms_employee_details (emp_id, first_name, middle_name, last_name,designation_id,dept_id, birthdate, sex, company_emailid, phone_no, houseno, street_name, city, pincode, employment_date, reporting_manager) values (1046, 'Elsworth', 'Stacee', 'Redmond', 110,10,'1997-09-21','M', 'sredmond19@topsy.com', '707-143-5923', '7820', 'Melrose', 'Dahe', 43256, '2021-01-06','Silvano');
insert into hrms_employee_details (emp_id, first_name, middle_name, last_name,designation_id,dept_id, birthdate, sex, company_emailid, phone_no, houseno, street_name, city, pincode, employment_date, reporting_manager) values (1047, 'Aldis', 'Tybalt', 'Huey',107,30,'1993-04-26','M','shuey1a@comsenz.com', '958-717-1082', '806', 'Oakridge', 'Saint-Maurice-l''Exil', 38554, '2021-05-11','Stinky');
insert into hrms_employee_details (emp_id, first_name, middle_name, last_name,designation_id,dept_id, birthdate, sex, company_emailid, phone_no, houseno, street_name, city, pincode, employment_date, reporting_manager) values (1048, 'Blythe', 'Gypsy', 'Fenelon', 106,10,'1994-11-14', 'F', 'cfenelon1b@abc.net.au', '245-459-9734', '30901', 'Eastwood', 'Thị Trấn Văn Quan', 87345, '2021-09-29','Corenda');
insert into hrms_employee_details (emp_id, first_name, middle_name, last_name,designation_id,dept_id, birthdate, sex, company_emailid, phone_no, houseno, street_name, city, pincode, employment_date, reporting_manager) values (1049, 'Darby', 'Meryl', 'Gonnely', 105,80,'1996-05-11', 'M', 'lgonnely1c@homestead.com', '778-482-0590', '1881', 'Loeprich', 'Västerås', 72244, '2021-05-13','Liam');
insert into hrms_employee_details (emp_id, first_name, middle_name, last_name,designation_id,dept_id, birthdate, sex, company_emailid, phone_no, houseno, street_name, city, pincode, employment_date, reporting_manager) values (1050, 'Louise', 'Sharron', 'Tourner',103,80, '1998-05-26','F', 'ctourner1d@nbcnews.com', '596-173-3668', '9', 'Service', 'Gayam', 98765, '2021-10-12','Collete');
insert into hrms_employee_details (emp_id, first_name, middle_name, last_name,designation_id,dept_id, birthdate, sex, company_emailid, phone_no, houseno, street_name, city, pincode, employment_date, reporting_manager) values (1051, 'Loydie', 'Barnabe', 'Hovee', 105,20,'2000-06-15','M','hhovee1e@barnesandnoble.com', '365-504-1107', '2097', 'Milwaukee', 'Jevišovice', 67158, '2021-04-11','Harwilll');
insert into hrms_employee_details (emp_id, first_name, middle_name, last_name,designation_id,dept_id, birthdate, sex, company_emailid, phone_no, houseno, street_name, city, pincode, employment_date, reporting_manager) values (1052, 'Winnie', 'Curtice', 'Wilman', 104,40,'1993-07-13', 'M', 'kwilman1f@amazon.de', '407-533-9801', '29', 'Rockefeller', 'Santa Rosa',98756, '2021-02-25','Keefe');
insert into hrms_employee_details (emp_id, first_name, middle_name, last_name,designation_id,dept_id, birthdate, sex, company_emailid, phone_no, houseno, street_name, city, pincode, employment_date, reporting_manager) values (1053, 'Erinn', 'Nikoletta', 'McClelland',106,30,'1992-09-19','F', 'pmcclelland1g@altervista.org', '793-200-2397', '4475', 'Village Green', 'Plaridel', 72039, '2021-03-22','Prudence');
insert into hrms_employee_details (emp_id, first_name, middle_name, last_name,designation_id,dept_id, birthdate, sex, company_emailid, phone_no, houseno, street_name, city, pincode, employment_date, reporting_manager) values (1054, 'Costanza', 'Sybila', 'Dolby',104,10,'1990-04-14','F','adolby1h@telegraph.co.uk', '902-991-3591', '9503', 'Forster', 'Alor Setar', 05460, '2021-07-11','Ailina');
insert into hrms_employee_details (emp_id, first_name, middle_name, last_name,designation_id,dept_id, birthdate, sex, company_emailid, phone_no, houseno, street_name, city, pincode, employment_date, reporting_manager) values (1055, 'Ches', 'Aguistin', 'Walkey', 107,30,'1992-08-14','M','hwalkey1i@myspace.com', '435-989-6098', '95', 'South', 'Halteu', 75647, '2021-10-03','Heinrik');
insert into hrms_employee_details (emp_id, first_name, middle_name, last_name,designation_id,dept_id, birthdate, sex, company_emailid, phone_no, houseno, street_name, city, pincode, employment_date, reporting_manager) values (1056, 'Kelby', 'Maurie', 'Erridge', 110,40,'1998-07-17','M','gerridge1j@altervista.org', '120-971-6025', '3103', 'Jenifer', 'Corga', 49606, '2021-03-05','Gustav');
insert into hrms_employee_details (emp_id, first_name, middle_name, last_name,designation_id,dept_id, birthdate, sex, company_emailid, phone_no, houseno, street_name, city, pincode, employment_date, reporting_manager) values (1057, 'Michel', 'Ulysses', 'Cunde', 107,30,'1995-12-23','M','qcunde1k@soup.io', '350-686-4931', '394', 'Fordem', 'Centenario', 83079, '2021-02-24','Quincy');
insert into hrms_employee_details (emp_id, first_name, middle_name, last_name,designation_id,dept_id, birthdate, sex, company_emailid, phone_no, houseno, street_name, city, pincode, employment_date, reporting_manager) values (1058, 'Blair', 'Denis', 'Coltman', 104,40,'1992-12-13','M','wcoltman1l@google.com.au', '964-839-5013', '1', 'Loeprich', 'Zheleznovodsk', 35748, '2021-09-18','Winston');
insert into hrms_employee_details (emp_id, first_name, middle_name, last_name,designation_id,dept_id, birthdate, sex, company_emailid, phone_no, houseno, street_name, city, pincode, employment_date, reporting_manager) values (1059, 'Desiree', 'Adi', 'Etchells',105,70,'1994-11-17','F','eetchells1m@webnode.com', '552-217-6214', '04', 'West', 'Ambato Boeny', 87656, '2021-02-10','Emogene');
insert into hrms_employee_details (emp_id, first_name, middle_name, last_name,designation_id,dept_id, birthdate, sex, company_emailid, phone_no, houseno, street_name, city, pincode, employment_date, reporting_manager) values (1060, 'Liz', 'Sabrina', 'Rousell', ,108,40,'1993-11-09','F','erousell1n@google.pl', '899-252-7083', '7', 'Springview', 'Sidi Lamine', 87654, '2021-01-27','Emeline');
insert into hrms_employee_details (emp_id, first_name, middle_name, last_name,designation_id,dept_id, birthdate, sex, company_emailid, phone_no, houseno, street_name, city, pincode, employment_date, reporting_manager) values (1061, 'Sigismondo', 'Derick', 'Riggoll',105,20,'1999-06-22','M','briggoll1o@craigslist.org', '127-727-3683', '40769', 'Paget', 'Manggis', 98345, '2021-08-04','Byram');
insert into hrms_employee_details (emp_id, first_name, middle_name, last_name,designation_id,dept_id, birthdate, sex, company_emailid, phone_no, houseno, street_name, city, pincode, employment_date, reporting_manager) values (1062, 'Maxwell', 'Broderick', 'Grzegorek',104,30,'2000-07-21','M','agrzegorek1p@histats.com', '715-113-0960', '4', 'Vermont', 'Paihia', 02437, '2021-11-29','Aaron');
insert into hrms_employee_details (emp_id, first_name, middle_name, last_name,designation_id,dept_id, birthdate, sex, company_emailid, phone_no, houseno, street_name, city, pincode, employment_date, reporting_manager) values (1063, 'Phoebe', 'Belinda', 'Adshead', ,105,70,'1993-06-25','F','gadshead1q@google.ca', '378-531-1264', '6', 'Miller', 'Baolong', 98765, '2021-06-15','Georgina');
insert into hrms_employee_details (emp_id, first_name, middle_name, last_name,designation_id,dept_id, birthdate, sex, company_emailid, phone_no, houseno, street_name, city, pincode, employment_date, reporting_manager) values (1064, 'Kimberley', 'Dre', 'Rubel', 104,50,'1987-06-01','F','krubel1r@eepurl.com', '258-555-8178', '74', 'Scoville', 'Evinayong', 12376, '2021-10-26','Kass');
insert into hrms_employee_details (emp_id, first_name, middle_name, last_name,designation_id,dept_id, birthdate, sex, company_emailid, phone_no, houseno, street_name, city, pincode, employment_date, reporting_manager) values (1065, 'Errol', 'Sandor', 'Grishukov', 106,30,'1988-10-30','M','ogrishukov1s@surveymonkey.com', '128-396-8351', '04247', 'Sheridan', 'Zhaolingpu', 65476, '2021-02-12','Otho');
insert into hrms_employee_details (emp_id, first_name, middle_name, last_name,designation_id,dept_id, birthdate, sex, company_emailid, phone_no, houseno, street_name, city, pincode, employment_date, reporting_manager) values (1066, 'Herrick', 'Lucas', 'Kennedy',105,30,'1986-02-15','M','dkennedy1t@amazon.co.jp', '106-386-3904', '82062', 'Arrowood', 'Aubergenville', 78415, '2021-11-07','Dalis');
insert into hrms_employee_details (emp_id, first_name, middle_name, last_name,designation_id,dept_id, birthdate, sex, company_emailid, phone_no, houseno, street_name, city, pincode, employment_date, reporting_manager) values (1067, 'Toby', 'Romain', 'Linskey',104,70,'1984-02-14','M','slinskey1u@cdbaby.com', '279-411-8244', '8272', 'Mosinee', 'Huangshanguan', 54356, '2021-12-08','Scottie');
insert into hrms_employee_details (emp_id, first_name, middle_name, last_name,designation_id,dept_id, birthdate, sex, company_emailid, phone_no, houseno, street_name, city, pincode, employment_date, reporting_manager) values (1068, 'Muffin', 'Sloane', 'Lampen',103,30,'1982-06-11','M','slampen1v@baidu.com', '916-808-8516', '71506', 'New Castle', 'Sollefteå', 88130, '2021-01-12','Sam');
insert into hrms_employee_details (emp_id, first_name, middle_name, last_name,designation_id,dept_id, birthdate, sex, company_emailid, phone_no, houseno, street_name, city, pincode, employment_date, reporting_manager) values (1069, 'Carney', 'Dwight', 'Rumble', 107,30,'1987-04-28','M','hrumble1w@slate.com', '583-985-6910', '4', 'Lien', 'Qinjiang', 87543, '2020-12-31','Hirsch');
insert into hrms_employee_details (emp_id, first_name, middle_name, last_name,designation_id,dept_id, birthdate, sex, company_emailid, phone_no, houseno, street_name, city, pincode, employment_date, reporting_manager) values (1070, 'Charlotte', 'Emmy', 'Aldrin', 107,30,'1998-01-08','F','laldrin1x@dailymotion.com', '972-764-6160', '732', 'Anniversary', 'Pinoma', 34047, '2021-10-15','Leticia');
insert into hrms_employee_details (emp_id, first_name, middle_name, last_name,designation_id,dept_id, birthdate, sex, company_emailid, phone_no, houseno, street_name, city, pincode, employment_date, reporting_manager) values (1071, 'Leonard', 'Carey', 'Hamilton', 106,60,'1990-05-08','M','thamilton1y@latimes.com', '414-467-7979', '86', 'Texas', 'Beaumont', 65437, '2021-05-04','Tome');
insert into hrms_employee_details (emp_id, first_name, middle_name, last_name,designation_id,dept_id, birthdate, sex, company_emailid, phone_no, houseno, street_name, city, pincode, employment_date, reporting_manager) values (1072, 'Linnie', 'Merry', 'Martinello',106,30,'1986-07-15','F','fmartinello1z@ca.gov', '782-761-2969', '092', 'Norway Maple', 'Monjarás', 98654, '2021-05-02','Flossi');
insert into hrms_employee_details (emp_id, first_name, middle_name, last_name,designation_id,dept_id, birthdate, sex, company_emailid, phone_no, houseno, street_name, city, pincode, employment_date, reporting_manager) values (1073, 'Chiquita', 'Maribeth', 'Lamdin', 108,60,'1988-01-22','F','nlamdin20@cbc.ca', '109-186-4436', '712', 'Di Loreto', 'Hiseti', 26578, '2021-09-15','Natalee');
insert into hrms_employee_details (emp_id, first_name, middle_name, last_name,designation_id,dept_id, birthdate, sex, company_emailid, phone_no, houseno, street_name, city, pincode, employment_date, reporting_manager) values (1074, 'Augy', 'Wyatan', 'Lindman',103,80, '1987-12-30','M','mlindman21@state.gov', '501-211-0526', '046', 'Cardinal', 'Aubagne', 13681, '2021-05-14','Marco');
insert into hrms_employee_details (emp_id, first_name, middle_name, last_name,designation_id,dept_id, birthdate, sex, company_emailid, phone_no, houseno, street_name, city, pincode, employment_date, reporting_manager) values (1075, 'Nannette', 'Lindsay', 'Pietruszka',108,60,'1998-04-20','F','cpietruszka22@histats.com', '454-719-3390', '26392', 'Pepper Wood', 'Ratíškovice',69602, '2020-12-18', 'Carita');
insert into hrms_employee_details (emp_id, first_name, middle_name, last_name,designation_id,dept_id, birthdate, sex, company_emailid, phone_no, houseno, street_name, city, pincode, employment_date, reporting_manager) values (1076, 'Gussie', 'Lenka', 'Callow', 106,80,'1987-06-08', 'F','ecallow23@fc2.com', '920-751-8861', '41', 'Karstens', 'Lindesberg', 71182, '2021-09-03','Elyse');
insert into hrms_employee_details (emp_id, first_name, middle_name, last_name,designation_id,dept_id, birthdate, sex, company_emailid, phone_no, houseno, street_name, city, pincode, employment_date, reporting_manager) values (1077, 'Laney', 'Kalila', 'Bubbings', 109,50,'1978-04-26','F','ybubbings24@army.mil', '178-405-6652', '9854', 'Marcy', 'Knežica', 87654, '2021-11-13','Yelena');
insert into hrms_employee_details (emp_id, first_name, middle_name, last_name,designation_id,dept_id, birthdate, sex, company_emailid, phone_no, houseno, street_name, city, pincode, employment_date, reporting_manager) values (1078, 'Liuka', 'Marnie', 'Marking',106,30,'1965-02-28','F','fmarking25@hc360.com', '424-531-6166', '15572', 'Swallow', 'Upata', 32768, '2021-11-14','Ferdinande');
insert into hrms_employee_details (emp_id, first_name, middle_name, last_name,designation_id,dept_id, birthdate, sex, company_emailid, phone_no, houseno, street_name, city, pincode, employment_date, reporting_manager) values (1079, 'Melicent', 'Jenifer', 'Ketteridge',105,80,'1987-01-05','F','vketteridge26@ustream.tv', '844-473-4423', '13751', 'Artisan', 'Tireman Timur', 43786, '2021-09-03','Veriee');
insert into hrms_employee_details (emp_id, first_name, middle_name, last_name,designation_id,dept_id, birthdate, sex, company_emailid, phone_no, houseno, street_name, city, pincode, employment_date, reporting_manager) values (1080, 'Carny', 'Cesaro', 'Saenz', 109,30,'1989-04-24','M','gsaenz27@stumbleupon.com','926-414-6501', '1673', 'Maple', 'Klemunan', 78954, '2021-11-18','Gary');
insert into hrms_employee_details (emp_id, first_name, middle_name, last_name,designation_id,dept_id, birthdate, sex, company_emailid, phone_no, houseno, street_name, city, pincode, employment_date, reporting_manager) values (1081, 'Charmaine', 'Daile', 'Parlett',105,50,'1998-02-24','F','kparlett28@opera.com', '623-867-4478', '40', 'Tomscot', 'Guadalupe', 10801, '2021-08-27','Katleen');
insert into hrms_employee_details (emp_id, first_name, middle_name, last_name,designation_id,dept_id, birthdate, sex, company_emailid, phone_no, houseno, street_name, city, pincode, employment_date, reporting_manager) values (1082, 'Ardisj', 'Crin', 'Chinn', 106,30,'2000-06-19','F','dchinn29@mit.edu', '679-604-2530', '705', 'Oneill', 'Elbasan',43576, '2021-03-20','Dinah');
insert into hrms_employee_details (emp_id, first_name, middle_name, last_name,designation_id,dept_id, birthdate, sex, company_emailid, phone_no, houseno, street_name, city, pincode, employment_date, reporting_manager) values (1083, 'Fields', 'Herby', 'Di Biasio', 104,70,'1986-05-14','M','pdibiasio2a@sciencedirect.com', '486-220-9852', '43799', '1st', 'Paris 02', 75080, '2021-12-14','Paxon');
insert into hrms_employee_details (emp_id, first_name, middle_name, last_name,designation_id,dept_id, birthdate, sex, company_emailid, phone_no, houseno, street_name, city, pincode, employment_date, reporting_manager) values (1084, 'Vaughn', 'Consalve', 'Domeney', 107,20,'1965-10-02','M','mdomeney2b@jimdo.com', '271-115-8806', '6', 'Thierer', 'Daşoguz', 34563, '2021-02-18', 'Mattie');
insert into hrms_employee_details (emp_id, first_name, middle_name, last_name,designation_id,dept_id, birthdate, sex, company_emailid, phone_no, houseno, street_name, city, pincode, employment_date, reporting_manager) values (1085, 'Gabie', 'Xymenes', 'Scurrey', 106,30,'1976-07-29','M','hscurrey2c@yelp.com', '234-838-3973', '3', 'Northwestern', 'Villa Florida', 87654, '2021-07-15','Hillel');
insert into hrms_employee_details (emp_id, first_name, middle_name, last_name,designation_id,dept_id, birthdate, sex, company_emailid, phone_no, houseno, street_name, city, pincode, employment_date, reporting_manager) values (1086, 'Robenia', 'George', 'Constantine',104,60,'1975-02-12','F','aconstantine2d@devhub.com', '438-238-7700', '1223', 'Maywood', 'Sidaurip', 34567, '2021-01-06','Avivah');
insert into hrms_employee_details (emp_id, first_name, middle_name, last_name,designation_id,dept_id, birthdate, sex, company_emailid, phone_no, houseno, street_name, city, pincode, employment_date, reporting_manager) values (1087, 'Ethelda', 'Minta', 'Syversen', 105,30,'1987-02-10','F','ssyversen2e@4shared.com', '568-413-0407', '64110', 'Esker', 'Darmasari', 65467, '2021-10-21','Shayna');
insert into hrms_employee_details (emp_id, first_name, middle_name, last_name,designation_id,dept_id, birthdate, sex, company_emailid, phone_no, houseno, street_name, city, pincode, employment_date, reporting_manager) values (1088, 'Ofelia', 'Karena', 'Karolczyk', 103,80,'1967-03-09','F','kkarolczyk2f@bizjournals.com', '341-308-1341', '4298', 'Kenwood', 'Krzemienica', 37127, '2021-10-15','Kathie');
insert into hrms_employee_details (emp_id, first_name, middle_name, last_name,designation_id,dept_id, birthdate, sex, company_emailid, phone_no, houseno, street_name, city, pincode, employment_date, reporting_manager) values (1089, 'Clayton', 'Gabie', 'Allcoat',106,30,'1987-01-06','M','jallcoat2g@pcworld.com', '745-457-8404', '8896', 'Fuller', 'Vogan', 65687, '2021-07-17', 'Josh');
insert into hrms_employee_details (emp_id, first_name, middle_name, last_name,designation_id,dept_id, birthdate, sex, company_emailid, phone_no, houseno, street_name, city, pincode, employment_date, reporting_manager) values (1090, 'Giselbert', 'Stern', 'Bracken', 104,80,'1989-09-22','M','pbracken2h@abc.net.au', '353-168-5213', '5', 'Meadow Valley', 'Hudiksvall', 82426, '2021-07-29','Pascal');
insert into hrms_employee_details (emp_id, first_name, middle_name, last_name,designation_id,dept_id, birthdate, sex, company_emailid, phone_no, houseno, street_name, city, pincode, employment_date, reporting_manager) values (1091, 'Salem', 'Rudy', 'Scotting', 108,20,'1987-12-07','M','bscotting2i@cnbc.com', '527-592-2528', '3387', 'Jana', 'Épernay', 51209, '2021-05-12','Barron');
insert into hrms_employee_details (emp_id, first_name, middle_name, last_name,designation_id,dept_id, birthdate, sex, company_emailid, phone_no, houseno, street_name, city, pincode, employment_date, reporting_manager) values (1092, 'Dana', 'Camila', 'Tinkler',106,30,'1987-09-11','F','ftinkler2j@multiply.com', '940-264-0404', '02379', 'Kennedy', 'Srostki', 65937, '2021-12-04','Faun');
insert into hrms_employee_details (emp_id, first_name, middle_name, last_name,designation_id,dept_id, birthdate, sex, company_emailid, phone_no, houseno, street_name, city, pincode, employment_date, reporting_manager) values (1093, 'Kinsley', 'Artemas', 'Scarrisbrick',104,70,'1996-10-06','M','rscarrisbrick2k@ft.com', '591-859-2914', '7', 'Summit', 'Jatirogo', 87654, '2021-11-26','Rodolph');
insert into hrms_employee_details (emp_id, first_name, middle_name, last_name,designation_id,dept_id, birthdate, sex, company_emailid, phone_no, houseno, street_name, city, pincode, employment_date, reporting_manager) values (1094, 'Gabbi', 'Christy', 'Loakes', 101,40,'1965-01-24','F','floakes2l@reverbnation.com', '720-687-8538', '300', 'Springview', 'San Fernando Apure', 56456, '2021-01-20','Faustine');
insert into hrms_employee_details (emp_id, first_name, middle_name, last_name,designation_id,dept_id, birthdate, sex, company_emailid, phone_no, houseno, street_name, city, pincode, employment_date, reporting_manager) values (1095, 'Nevsa', 'Ilse', 'Eilhermann',101,40, '1978-08-29','F','aeilhermann2m@army.mil', '134-352-7740', '9', 'Tomscot', 'Gualaceo', 45678, '2021-04-13', 'Amanda');
insert into hrms_employee_details (emp_id, first_name, middle_name, last_name,designation_id,dept_id, birthdate, sex, company_emailid, phone_no, houseno, street_name, city, pincode, employment_date, reporting_manager) values (1096, 'Udale', 'Leon', 'Abraham', 101,40,'1986-09-17','M','wabraham2n@oaic.gov.au', '207-290-2006', '829', 'Jenifer', 'Cachoeiras de Macacu', 28680, '2021-01-04','West');
insert into hrms_employee_details (emp_id, first_name, middle_name, last_name,designation_id,dept_id, birthdate, sex, company_emailid, phone_no, houseno, street_name, city, pincode, employment_date, reporting_manager) values (1097, 'Timmi', 'Maryjo', 'Gisbey',106,30,'1967-06-24','F','sgisbey2o@reference.com', '423-865-8730', '44753', 'Florence', 'Kopen', 56789, '2021-07-30','Siusan');
insert into hrms_employee_details (emp_id, first_name, middle_name, last_name,designation_id,dept_id, birthdate, sex, company_emailid, phone_no, houseno, street_name, city, pincode, employment_date, reporting_manager) values (1098, 'Anna-diane', 'Lida', 'Wendover',106,30,'1987-01-28','F','hwendover2p@booking.com', '704-158-1130', '889', 'Longview', 'Radenković', 65456, '2021-03-24','Helena');
insert into hrms_employee_details (emp_id, first_name, middle_name, last_name,designation_id,dept_id, birthdate, sex, company_emailid, phone_no, houseno, street_name, city, pincode, employment_date, reporting_manager) values (1099, 'Lydon', 'Jerrome', 'Kernley', 101,40,'1984-02-01','M','ykernley2q@weebly.com', '445-936-8191', '5', 'Northwestern', 'Rozsypne', 45674, '2021-05-30', 'Yank');
insert into hrms_employee_details (emp_id, first_name, middle_name, last_name,designation_id,dept_id,RS birthdate, sex, company_emailid, phone_no, houseno, street_name, city, pincode, employment_date, reporting_manager) values(1100, 'Silvie', 'Minta', 'Ainslee', 106,30,'1995-04-22','F','jainslee2r@whitehouse.gov', '583-484-1991', '27831', 'Weeping Birch', 'Chancay', 09876, '2021-07-19','Janessa');













insert into hrms_employee_projects (emp_id, project_id, start_date, end_date,status) values (1001, 'RD1', '2019-04-21', '2021-06-07','Complete');
insert into hrms_employee_projects (emp_id, project_id, start_date, end_date,status) values (1020, 'RD2', '2019-04-17', '2021-12-07','Inprogress');
insert into hrms_employee_projects (emp_id, project_id, start_date, end_date,status) values (1034, 'FN3', '2018-10-11', '2021-05-18','Complete');
insert into hrms_employee_projects (emp_id, project_id, start_date, end_date,status) values (1054, 'FN1', '2020-09-15', '2021-10-11','Complete');
insert into hrms_employee_projects (emp_id, project_id, start_date, end_date,status) values (1006, ,'P2' '2020-03-31', '2021-06-15','Inprogress');
insert into hrms_employee_projects (emp_id, project_id, start_date, end_date,status) values (10078, 'RD6', '2020-08-10', '2021-06-22','Complete');
insert into hrms_employee_projects (emp_id, project_id, start_date, end_date,status) values (1098, 'A7', '2020-02-04', '2021-10-29','Complete');
insert into hrms_employee_projects (emp_id, project_id, start_date, end_date,status) values (1100, 'RD8', '2019-01-01', '2021-04-09','Inprogress');
insert into hrms_employee_projects (emp_id, project_id, start_date, end_date,status) values (1078, 'A9', '2019-01-15', '2021-02-10','Complete');
insert into hrms_employee_projects (emp_id, project_id, start_date, end_date,status) values (1012, 'RD8', '2020-07-12', '2021-03-30','Inprogress');
insert into hrms_employee_projects (emp_id, project_id, start_date, end_date,status) values (1011, 'O1', '2020-07-15', '2020-12-23','Complete');
insert into hrms_employee_projects (emp_id, project_id, start_date, end_date,status) values (1045, 'FN2', '2020-08-30', '2021-05-17','Inprogress');
insert into hrms_employee_projects (emp_id, project_id, start_date, end_date,status) values (1076, 'RD3', '2020-06-16', '2021-01-21','Complete');
insert into hrms_employee_projects (emp_id, project_id, start_date, end_date,status) values (1046, 'P4', '2020-04-26', '2021-09-14','Inprogress');
insert into hrms_employee_projects (emp_id, project_id, start_date, end_date,status) values (1027, 'A1', '2020-03-27', '2021-09-22','Complete');
insert into hrms_employee_projects (emp_id, project_id, start_date, end_date,status) values (1018, 'FN6', '2019-10-18', '2021-03-21','Inprogress');
insert into hrms_employee_projects (emp_id, project_id, start_date, end_date,status) values (1028, 'P7', '2015-10-25', '2021-08-03','Inprogress');
insert into hrms_employee_projects (emp_id, project_id, start_date, end_date,status) values (1094, 'A8', '2018-07-15', '2021-11-08','Inprogress');
insert into hrms_employee_projects (emp_id, project_id, start_date, end_date,status) values (1090, 'A9', '2019-11-03', '2021-10-31','Inprogress');
insert into hrms_employee_projects (emp_id, project_id, start_date, end_date,status) values (1070, 'A2', '2018-09-05', '2021-05-26','Inprogress');
insert into hrms_employee_projects (emp_id, project_id, start_date, end_date,status) values (1054, 'A21', '2017-05-15', '2020-12-20','Complete');
insert into hrms_employee_projects (emp_id, project_id, start_date, end_date,status) values (1050, 'O22', '2019-10-06', '2021-12-06','Inprogress');
insert into hrms_employee_projects (emp_id, project_id, start_date, end_date,status) values (1066, 'A3', '2020-01-13', '2021-04-26','Complete');
insert into hrms_employee_projects (emp_id, project_id, start_date, end_date,status) values (1060, 'O4', '2020-01-31', '2021-12-07','Inprogress');
insert into hrms_employee_projects (emp_id, project_id, start_date, end_date,status) values (1039, 'RD5', '2020-03-28', '2021-08-10','Inprogress');
insert into hrms_employee_projects (emp_id, project_id, start_date, end_date,status) values (1079, 'O6', '2020-01-18', '2021-06-03','Complete');
insert into hrms_employee_projects (emp_id, project_id, start_date, end_date,status) values (1056, 'P7', '2021-11-11', '2021-09-05','Inprogress');
insert into hrms_employee_projects (emp_id, project_id, start_date, end_date,status) values (1049, 'O8', '2017-01-03', '2021-03-07','Inprogress');
insert into hrms_employee_projects (emp_id, project_id, start_date, end_date,status) values (1023, 'O9', '2018-08-13', '2021-02-05','Complete');
insert into hrms_employee_projects (emp_id, project_id, start_date, end_date,status) values (1039, 'O3', '2017-04-29', '2021-06-27''Complete');
insert into hrms_employee_projects (emp_id, project_id, start_date, end_date,status) values (1008, 'FN1', '2020-09-02', '2021-06-14','Complete');
insert into hrms_employee_projects (emp_id, project_id, start_date, end_date,status) values (1002, 'O2', '2020-02-11', '2021-01-16','Inprogress');
insert into hrms_employee_projects (emp_id, project_id, start_date, end_date,status) values (1045, 'FN3', '2020-01-14', '2021-10-02','Inprogress');
insert into hrms_employee_projects (emp_id, project_id, start_date, end_date,status) values (1070, 'O4', '2020-11-28', '2021-07-12','Inprogress');
insert into hrms_employee_projects (emp_id, project_id, start_date, end_date,status) values (1010, 'FN5', '2020-12-24', '2021-08-08','Inprogress');
insert into hrms_employee_projects (emp_id, project_id, start_date, end_date,status) values (1100, 'O3', '2020-09-06', '2020-12-27','Inprogress');
insert into hrms_employee_projects (emp_id, project_id, start_date, end_date,status) values (1076, 'P7', '2020-11-13', '2020-12-26','Inprogress');
insert into hrms_employee_projects (emp_id, project_id, start_date, end_date,status) values (1085, 'FN8', '2020-07-30', '2021-06-12','Inprogress');
insert into hrms_employee_projects (emp_id, project_id, start_date, end_date,status) values (1092, 'O9', '2020-02-24', '2021-08-31','Complete');
insert into hrms_employee_projects (emp_id, project_id, start_date, end_date,status) values (1004, 'P4', '2020-05-27', '2021-12-01','Inprogress');
insert into hrms_employee_projects (emp_id, project_id, start_date, end_date,status) values (1046, 'P4', '2020-08-11', '2021-10-04','Complete');
insert into hrms_employee_projects (emp_id, project_id, start_date, end_date,status) values (1028, 'O4', '2018-11-22', '2021-12-10','Inprogress');
insert into hrms_employee_projects (emp_id, project_id, start_date, end_date,status) values (1024, 'FN4', '2020-11-02', '2021-10-09','Inprogress');
insert into hrms_employee_projects (emp_id, project_id, start_date, end_date,status) values (1022, 'RD8', '2020-04-24', '2021-04-01','Inprogress');
insert into hrms_employee_projects (emp_id, project_id, start_date, end_date,status) values (1021, 'O5', '2020-08-15', '2021-03-09','Inprogress');
insert into hrms_employee_projects (emp_id, project_id, start_date, end_date,status) values (1020, 'FN6', '2020-12-29', '2021-11-17','Inprogress');
insert into hrms_employee_projects (emp_id, project_id, start_date, end_date,status) values (1039, 'RD7', '2020-12-23', '2021-03-30','Complete');
insert into hrms_employee_projects (emp_id, project_id, start_date, end_date,status) values (1078, 'O8', '2018-08-11', '2021-10-04','Inprogress');
insert into hrms_employee_projects (emp_id, project_id, start_date, end_date,status) values (1085, 'A9', '2019-01-25', '2021-07-14','Inprogress');
insert into hrms_employee_projects (emp_id, project_id, start_date, end_date,status) values (1073, 'P5', '2020-08-02', '2021-11-23','Inprogress');
insert into hrms_employee_projects (emp_id, project_id, start_date, end_date,status) values (1085, 'RD5', '2020-02-19', '2021-03-04','Inprogress');
insert into hrms_employee_projects (emp_id, project_id, start_date, end_date,status) values (1025, 'RD2', '2020-01-22', '2021-03-02','Inprogress');
insert into hrms_employee_projects (emp_id, project_id, start_date, end_date,status) values (1063, 'A5', '2020-09-23', '2021-11-21','Inprogress');
insert into hrms_employee_projects (emp_id, project_id, start_date, end_date,status) values (1090, 'A5', '2020-08-03', '2021-01-11','Complete');
insert into hrms_employee_projects (emp_id, project_id, start_date, end_date,status) values (1048, 'FN5', '2020-08-17', '2021-08-28','Inprogress');
insert into hrms_employee_projects (emp_id, project_id, start_date, end_date,status) values (1071, 'O5','2020-08-24', '2020-12-26','Inprogress');
insert into hrms_employee_projects (emp_id, project_id, start_date, end_date,status) values (1093, 'P7', '2018-02-04', '2021-06-21','Inprogress');
insert into hrms_employee_projects (emp_id, project_id, start_date, end_date,status) values (1094, 'A8', '2019-09-19', '2021-04-03','Inprogress');
insert into hrms_employee_projects (emp_id, project_id, start_date, end_date,status) values (1050, 'P9', '2020-04-09', '2021-06-04','Inprogress');
insert into hrms_employee_projects (emp_id, project_id, start_date, end_date,status) values (1062, 'O6', '2020-02-23', '2021-04-19','Inprogress');
insert into hrms_employee_projects (emp_id, project_id, start_date, end_date,status) values (1066, 'RD6', '2020-04-26', '2021-03-21','Inprogress');
insert into hrms_employee_projects (emp_id, project_id, start_date, end_date,status) values (1043, 'O6', '2020-05-24', '2021-11-07','Inprogress');
insert into hrms_employee_projects (emp_id, project_id, start_date, end_date,status) values (1098, 'FN6', '2020-04-21', '2021-09-08','Inprogress');
insert into hrms_employee_projects (emp_id, project_id, start_date, end_date,status) values (1032, 'O6', '2019-07-20', '2021-10-17','Inprogress');
insert into hrms_employee_projects (emp_id, project_id, start_date, end_date,status) values (1090, 'P6', '2018-01-31', '2021-03-15','Inprogress');
insert into hrms_employee_projects (emp_id, project_id, start_date, end_date,status) values (1020, 'FN6', '2020-09-20', '2021-01-10','Inprogress');
insert into hrms_employee_projects (emp_id, project_id, start_date, end_date,status) values (1021, 'RD7', '2020-04-06', '2021-12-07','Inprogress');
insert into hrms_employee_projects (emp_id, project_id, start_date, end_date,status) values (1085, 'O6', '2020-07-11', '2021-11-24','Complete');
insert into hrms_employee_projects (emp_id, project_id, start_date, end_date,status) values (1032, 'FN9', '2018-06-01', '2020-12-22','Inprogress');
insert into hrms_employee_projects (emp_id, project_id, start_date, end_date,status) values (1054, 'A7', '2017-09-19', '2021-02-02','Inprogress');
insert into hrms_employee_projects (emp_id, project_id, start_date, end_date,status) values (1089, 'P7', '2020-10-21', '2021-04-13','Complete');
insert into hrms_employee_projects (emp_id, project_id, start_date, end_date,status) values (1056, 'O7', '2020-11-12', '2021-02-04','Inprogress');
insert into hrms_employee_projects (emp_id, project_id, start_date, end_date,status) values (1072, 'P7', '2020-11-24', '2021-05-09','Inprogress');
insert into hrms_employee_projects (emp_id, project_id, start_date, end_date,status) values (1012, 'A9', '2016-02-14', '2021-01-14','Inprogress');
insert into hrms_employee_projects (emp_id, project_id, start_date, end_dat,statuse) values (1075, 'A7', '2018-05-18', '2021-01-21','Inprogress');
insert into hrms_employee_projects (emp_id, project_id, start_date, end_date,status) values (1010, 'P7', '2014-08-04', '2020-12-15','Inprogress');
insert into hrms_employee_projects (emp_id, project_id, start_date, end_date,status) values (1089, 'FN7', '2019-02-26', '2021-02-15','Complete');
insert into hrms_employee_projects (emp_id, project_id, start_date, end_date,status) values (1012, 'RD3', '2017-09-27', '2021-06-12','Inprogress');
insert into hrms_employee_projects (emp_id, project_id, start_date, end_date,status) values (1034, 'O9', '2018-04-01', '2021-04-26','Inprogress');
insert into hrms_employee_projects (emp_id, project_id, start_date, end_date,status) values (1045, 'A8', '2020-11-16', '2021-06-13','Inprogress');
insert into hrms_employee_projects (emp_id, project_id, start_date, end_date,status) values (1063, 'FN8', '2020-03-10', '2021-11-04','Inprogress');
insert into hrms_employee_projects (emp_id, project_id, start_date, end_date,status) values (1051, 'RD8', '2020-09-01', '2021-05-10','Inprogress');
insert into hrms_employee_projects (emp_id, project_id, start_date, end_date,status) values (1043, 'O8', '2020-01-20', '2021-08-03','Inprogress');
insert into hrms_employee_projects (emp_id, project_id, start_date, end_date,status) values (1023, 'A3', '2019-07-31', '2021-10-17','Inprogress');
insert into hrms_employee_projects (emp_id, project_id, start_date, end_date,status) values (1034, 'O8', '2018-10-31', '2021-08-07','Inprogress');
insert into hrms_employee_projects (emp_id, project_id, start_date, end_date,status) values (1043, 'FN8', '2016-08-28', '2021-01-24','Inprogress');
insert into hrms_employee_projects (emp_id, project_id, start_date, end_date,status) values (1074, 'P6', '2020-10-12', '2020-12-21','Inprogress');
insert into hrms_employee_projects (emp_id, project_id, start_date, end_date,status) values (1025, 'FN8', '2020-12-10', '2021-08-12','Inprogress');
insert into hrms_employee_projects (emp_id, project_id, start_date, end_date,status) values (1031, 'FN9', '2020-04-25', '2020-12-24','Complete');
insert into hrms_employee_projects (emp_id, project_id, start_date, end_date,status) values (1039, 'O9', '2020-12-24', '2021-05-14','Inprogress');
insert into hrms_employee_projects (emp_id, project_id, start_date, end_date,status) values (1043, 'O9', '2019-05-15', '2021-05-16','Inprogress');
insert into hrms_employee_projects (emp_id, project_id, start_date, end_date,status) values (1010, 'O2', '2017-01-18', '2021-06-14','Inprogress');
insert into hrms_employee_projects (emp_id, project_id, start_date, end_date,status) values (1031, 'P3', '2018-10-07', '2021-06-26','Inprogress');
insert into hrms_employee_projects (emp_id, project_id, start_date, end_date,status) values (1082, 'FN4', '2019-06-05', '2021-06-12','Complete');
insert into hrms_employee_projects (emp_id, project_id, start_date, end_date,status) values (1094, 'RD5', '2020-10-10', '2021-05-05','Inprogress');
insert into hrms_employee_projects (emp_id, project_id, start_date, end_date,status) values (1009, 'O9', '2020-05-11', '2021-07-14','Inprogress');
insert into hrms_employee_projects (emp_id, project_id, start_date, end_date,status) values (1087, 'RD7', '2020-04-07', '2021-03-08','Complete');
insert into hrms_employee_projects (emp_id, project_id, start_date, end_date,status) values (1031, 'A8', '2019-12-23', '2021-04-10','Inprogress');
insert into hrms_employee_projects (emp_id, project_id, start_date, end_date,status) values (1029, 'FN9', '2020-02-16', '2021-04-11','Complete');
insert into hrms_employee_projects (emp_id, project_id, start_date, end_date,status) values (1006, 'RD10', '2020-04-17', '2021-05-07','Complete');

