insert into DEPARTMENT (dept_id, dept_name) values (10, 'Research and Development');
insert into DEPARTMENT (dept_id, dept_name) values (20, 'Sales');
insert into DEPARTMENT (dept_id, dept_name) values (30, 'Human Resources');
insert into DEPARTMENT (dept_id, dept_name) values (40, 'Accounting');
insert into DEPARTMENT (dept_id, dept_name) values (50, 'Marketing');
insert into DEPARTMENT (dept_id, dept_name) values (60, 'Finanace');
insert into DEPARTMENT (dept_id, dept_name) values (70, 'Operations');
insert into DEPARTMENT (dept_id, dept_name) values (80, 'Production');



insert into designation (designation_id, designation_name) values (101, 'VP Accounting');
insert into designation (designation_id, designation_name) values (102, 'Design Engineer');
insert into designation (designation_id, designation_name) values (103, 'Senior Developer');
insert into designation (designation_id, designation_name) values (104, 'Software Engineer');
insert into designation (designation_id, designation_name) values (105, 'Media Manager');
insert into designation (designation_id, designation_name) values (106, 'Automation Specialist');
insert into designation (designation_id, designation_name) values (107, 'Project Manager');
insert into designation (designation_id, designation_name) values (108, 'Help Desk Operator');




insert into hrms_employ_leaves (leave_id, emp_id, leave_startdate, leave_enddate, leavetype) values (8001,1085,'2020-12-07', '2020-12-10', 'annual');
insert into hrms_employ_leaves (leave_id, emp_id, leave_startdate, leave_enddate, leavetype) values (8002,1049,'2020-12-14','2020-12-20', 'sick');
insert into hrms_employ_leaves (leave_id, emp_id, leave_startdate, leave_enddate, leavetype) values (8003,1050,'2020-12-18','2020-12-31', 'casual');
insert into hrms_employ_leaves (leave_id, emp_id, leave_startdate, leave_enddate, leavetype) values (8004,1070,'2020-12-21','2020-12-22', 'sick');
insert into hrms_employ_leaves (leave_id, emp_id, leave_startdate, leave_enddate, leavetype) values (8005,1076,'2020-12-22', '2020-12-24', 'annual');
insert into hrms_employ_leaves (leave_id, emp_id, leave_startdate, leave_enddate, leavetype) values (8006,1014,'2020-12-23', '2021-01-15', 'casual');
insert into hrms_employ_leaves (leave_id, emp_id, leave_startdate, leave_enddate, leavetype) values (8007,1011,'2020-12-23', '2020-01-02', 'casual');
insert into hrms_employ_leaves (leave_id, emp_id, leave_startdate, leave_enddate, leavetype) values (8008,1037,'2020-12-24', '2021-01-13', 'annual');
insert into hrms_employ_leaves (leave_id, emp_id, leave_startdate, leave_enddate, leavetype) values (8009,1065,'2020-12-24', '2021-01-02', 'sick');
insert into hrms_employ_leaves (leave_id, emp_id, leave_startdate, leave_enddate, leavetype) values (8010,1019,'2020-12-24', '2021-01-20', 'casual');
insert into hrms_employ_leaves (leave_id, emp_id, leave_startdate, leave_enddate, leavetype) values (8011,1015,'2020-12-25', '2021-01-07', 'casual');
insert into hrms_employ_leaves (leave_id, emp_id, leave_startdate, leave_enddate, leavetype) values (8012,1034,'2020-12-25', '2021-01-25', 'annual');
insert into hrms_employ_leaves (leave_id, emp_id, leave_startdate, leave_enddate, leavetype) values (8013,1007,'2020-12-25', '2021-01-04', 'sick');
insert into hrms_employ_leaves (leave_id, emp_id, leave_startdate, leave_enddate, leavetype) values (8014,1006,'2020-12-25', '2021-01-10', 'sick');
insert into hrms_employ_leaves (leave_id, emp_id, leave_startdate, leave_enddate, leavetype) values (8015,1059,'2021-01-02', '2021-01-10', 'earned');
insert into hrms_employ_leaves (leave_id, emp_id, leave_startdate, leave_enddate, leavetype) values (8016,1063, '2021-01-04', '2021-01-05', 'annual');
insert into hrms_employ_leaves (leave_id, emp_id, leave_startdate, leave_enddate, leavetype) values (8017,1027,'2021-01-04', '2021-01-08', 'casual');
insert into hrms_employ_leaves (leave_id, emp_id, leave_startdate, leave_enddate, leavetype) values (8018,1021,'2021-01-12', '2021-01-16', 'casual');
insert into hrms_employ_leaves (leave_id, emp_id, leave_startdate, leave_enddate, leavetype) values (8019,1067, '2021-01-19', '2021-02-23', 'casual');
insert into hrms_employ_leaves (leave_id, emp_id, leave_startdate, leave_enddate, leavetype) values (8020,1010,'2021-01-25', '2021-01-26', 'annual');
insert into hrms_employ_leaves (leave_id, emp_id, leave_startdate, leave_enddate, leavetype) values (8021,1014,'2020-01-26', '2021-01-30', 'sick');
insert into hrms_employ_leaves (leave_id, emp_id, leave_startdate, leave_enddate, leavetype) values (8022,1040, '2021-02-03', '2021-02-04', 'earned');
insert into hrms_employ_leaves (leave_id, emp_id, leave_startdate, leave_enddate, leavetype) values (8023,1099,'2021-02-03', '2021-02-06', 'casual');
insert into hrms_employ_leaves (leave_id, emp_id, leave_startdate, leave_enddate, leavetype) values (8024,1087,'2021-02-07', '2021-02-13', 'earned');
insert into hrms_employ_leaves (leave_id, emp_id, leave_startdate, leave_enddate, leavetype) values (8025,1045,'2021-02-11', '2021-12-15', 'earned');
insert into hrms_employ_leaves (leave_id, emp_id, leave_startdate, leave_enddate, leavetype) values (8026,1055,'2021-02-15', '2021-03-22', 'casual');
insert into hrms_employ_leaves (leave_id, emp_id, leave_startdate, leave_enddate, leavetype) values (8027,1014,'2021-02-18', '2021-02-20', 'annual');
insert into hrms_employ_leaves (leave_id, emp_id, leave_startdate, leave_enddate, leavetype) values (8028,1028,'2021-02-23', '2021-02-25', 'sick');
insert into hrms_employ_leaves (leave_id, emp_id, leave_startdate, leave_enddate, leavetype) values (8029,1061,'2021-02-24', '2021-02-26', 'annual');
insert into hrms_employ_leaves (leave_id, emp_id, leave_startdate, leave_enddate, leavetype) values (8030,1089,'2021-02-28', '2021-03-09', 'casual');
insert into hrms_employ_leaves (leave_id, emp_id, leave_startdate, leave_enddate, leavetype) values (8031,1091,'2021-03-01', '2021-03-04', 'sick');
insert into hrms_employ_leaves (leave_id, emp_id, leave_startdate, leave_enddate, leavetype) values (8032,1082,'2021-03-01', '2021-03-26', 'annual');
insert into hrms_employ_leaves (leave_id, emp_id, leave_startdate, leave_enddate, leavetype) values (8033,1021,'2021-03-03', '2021-03-12', 'casual');
insert into hrms_employ_leaves (leave_id, emp_id, leave_startdate, leave_enddate, leavetype) values (8034,1030,'2021-03-07', '2021-03-24', 'annual');
insert into hrms_employ_leaves (leave_id, emp_id, leave_startdate, leave_enddate, leavetype) values (8035,1047,'2021-03-10', '2021-03-16', 'sick');
insert into hrms_employ_leaves (leave_id, emp_id, leave_startdate, leave_enddate, leavetype) values (8036,1094,'2021-03-14', '2021-03-16', 'annual');
insert into hrms_employ_leaves (leave_id, emp_id, leave_startdate, leave_enddate, leavetype) values (8037,1033,'2021-03-19','2021-03-23', 'casual');
insert into hrms_employ_leaves (leave_id, emp_id, leave_startdate, leave_enddate, leavetype) values (8038,1097,'2021-03-21','2021-03-28', 'sick');
insert into hrms_employ_leaves (leave_id, emp_id, leave_startdate, leave_enddate, leavetype) values (8039,1090,'2021-04-04','2021-04-13', 'earned');
insert into hrms_employ_leaves (leave_id, emp_id, leave_startdate, leave_enddate, leavetype) values (8040,1087,'2021-04-07','2021-04-18', 'casual');
insert into hrms_employ_leaves (leave_id, emp_id, leave_startdate, leave_enddate, leavetype) values (8041,1054,'2021-04-11','2021-04-23', 'annual');
insert into hrms_employ_leaves (leave_id, emp_id, leave_startdate, leave_enddate, leavetype) values (8042,1093,'2021-04-14','2021-04-26', 'casual');
insert into hrms_employ_leaves (leave_id, emp_id, leave_startdate, leave_enddate, leavetype) values (8043,1084,'2021-04-16','2021-04-25', 'sick');
insert into hrms_employ_leaves (leave_id, emp_id, leave_startdate, leave_enddate, leavetype) values (8044,1031,'2021-04-21','2021-04-29', 'sick');
insert into hrms_employ_leaves (leave_id, emp_id, leave_startdate, leave_enddate, leavetype) values (8045,1063,'2021-04-25','2021-04-28', 'casual');
insert into hrms_employ_leaves (leave_id, emp_id, leave_startdate, leave_enddate, leavetype) values (8046,1097,'2021-05-02','2020-05-29', 'earned');
insert into hrms_employ_leaves (leave_id, emp_id, leave_startdate, leave_enddate, leavetype) values (8047,1040,'2021-05-05','2021-05-11', 'casual');
insert into hrms_employ_leaves (leave_id, emp_id, leave_startdate, leave_enddate, leavetype) values (8048,1057,'2021-05-09','2021-06-18', 'sick');
insert into hrms_employ_leaves (leave_id, emp_id, leave_startdate, leave_enddate, leavetype) values (8049,1013,'2021-05-13','2021-07-03', 'annual');
insert into hrms_employ_leaves (leave_id, emp_id, leave_startdate, leave_enddate, leavetype) values (8050,1092,'2021-05-17','2021-06-06', 'casual');
insert into hrms_employ_leaves (leave_id, emp_id, leave_startdate, leave_enddate, leavetype) values (8051,1032,'2021-05-20','2021-06-09', 'earned');
insert into hrms_employ_leaves (leave_id, emp_id, leave_startdate, leave_enddate, leavetype) values (8052,1082,'2021-05-22','2021-06-11', 'casual');
insert into hrms_employ_leaves (leave_id, emp_id, leave_startdate, leave_enddate, leavetype) values (8053,1096,'2021-05-22','2021-06-18', 'annual');
insert into hrms_employ_leaves (leave_id, emp_id, leave_startdate, leave_enddate, leavetype) values (8054,1056,'2021-05-27','2020-05-28', 'sick');
insert into hrms_employ_leaves (leave_id, emp_id, leave_startdate, leave_enddate, leavetype) values (8055,1021,'2021-06-01','2021-07-11', 'sick');
insert into hrms_employ_leaves (leave_id, emp_id, leave_startdate, leave_enddate, leavetype) values (8056,1084,'2021-06-03','2021-06-23', 'annual');
insert into hrms_employ_leaves (leave_id, emp_id, leave_startdate, leave_enddate, leavetype) values (8057,1015,'2021-06-08','2021-06-26', 'sick');
insert into hrms_employ_leaves (leave_id, emp_id, leave_startdate, leave_enddate, leavetype) values (8058,1032,'2021-06-10','2021-06-11', 'casual');
insert into hrms_employ_leaves (leave_id, emp_id, leave_startdate, leave_enddate, leavetype) values (8059,1004,'2021-06-13','2021-06-21', 'annual');
insert into hrms_employ_leaves (leave_id, emp_id, leave_startdate, leave_enddate, leavetype) values (8060,1005,'2021-06-17','2021-07-10', 'sick');
insert into hrms_employ_leaves (leave_id, emp_id, leave_startdate, leave_enddate, leavetype) values (8061,1080,'2021-06-21','2021-07-15', 'sick');
insert into hrms_employ_leaves (leave_id, emp_id, leave_startdate, leave_enddate, leavetype) values (8062,1040,'2021-06-27','2021-07-10', 'earned');
insert into hrms_employ_leaves (leave_id, emp_id, leave_startdate, leave_enddate, leavetype) values (8063,1005,'2021-07-01','2021-07-08', 'annual');
insert into hrms_employ_leaves (leave_id, emp_id, leave_startdate, leave_enddate, leavetype) values (8064,1011,'2021-07-03','2021-07-05', 'sick');
insert into hrms_employ_leaves (leave_id, emp_id, leave_startdate, leave_enddate, leavetype) values (8065,1072,'2021-07-06','2021-07-23', 'sick');
insert into hrms_employ_leaves (leave_id, emp_id, leave_startdate, leave_enddate, leavetype) values (8066,1029,'2021-07-12','2021-10-07', 'casual');
insert into hrms_employ_leaves (leave_id, emp_id, leave_startdate, leave_enddate, leavetype) values (8067,1069,'2021-07-17','2021-07-24', 'earned');
insert into hrms_employ_leaves (leave_id, emp_id, leave_startdate, leave_enddate, leavetype) values (8068,1035,'2021-07-25','2021-08-09', 'earned');
insert into hrms_employ_leaves (leave_id, emp_id, leave_startdate, leave_enddate, leavetype) values (8069,1054,'2021-07-28','2021-08-30', 'sick');
insert into hrms_employ_leaves (leave_id, emp_id, leave_startdate, leave_enddate, leavetype) values (8070,1084,'2021-08-03','2021-08-27', 'casual');
insert into hrms_employ_leaves (leave_id, emp_id, leave_startdate, leave_enddate, leavetype) values (8071,1065,'2021-08-06','2021-09-02', 'sick');
insert into hrms_employ_leaves (leave_id, emp_id, leave_startdate, leave_enddate, leavetype) values (8072,1040,'2021-08-11','2021-08-22', 'annual');
insert into hrms_employ_leaves (leave_id, emp_id, leave_startdate, leave_enddate, leavetype) values (8073,1070,'2021-08-13','2021-08-30', 'annual');
insert into hrms_employ_leaves (leave_id, emp_id, leave_startdate, leave_enddate, leavetype) values (8074,1060, '2021-08-17','2021-09-07', 'sick');
insert into hrms_employ_leaves (leave_id, emp_id, leave_startdate, leave_enddate, leavetype) values (8075,1048, '2021-08-23','2021-09-05', 'casual');
insert into hrms_employ_leaves (leave_id, emp_id, leave_startdate, leave_enddate, leavetype) values (8076,1058,'2021-08-24','2021-08-27', 'annual');
insert into hrms_employ_leaves (leave_id, emp_id, leave_startdate, leave_enddate, leavetype) values (8077, 1092,'2021-08-24','2021-09-13', 'sick');
insert into hrms_employ_leaves (leave_id, emp_id, leave_startdate, leave_enddate, leavetype) values (8078,1025,'2021-08-26','2021-10-26', 'casual');
insert into hrms_employ_leaves (leave_id, emp_id, leave_startdate, leave_enddate, leavetype) values (8079,1014'2021-08-28','2021-08-29', 'annual');
insert into hrms_employ_leaves (leave_id, emp_id, leave_startdate, leave_enddate, leavetype) values (8080,1030,'2021-09-02','2021-09-16', 'casual');
insert into hrms_employ_leaves (leave_id, emp_id, leave_startdate, leave_enddate, leavetype) values (8081,1069,'2021-09-06','2021-09-19', 'sick');
insert into hrms_employ_leaves (leave_id, emp_id, leave_startdate, leave_enddate, leavetype) values (8082,1076,'2021-09-07','2021-10-29', 'annual');
insert into hrms_employ_leaves (leave_id, emp_id, leave_startdate, leave_enddate, leavetype) values (8083,1090,'2021-09-07','2021-09-12', 'casual');
insert into hrms_employ_leaves (leave_id, emp_id, leave_startdate, leave_enddate, leavetype) values (8084,1054,'2021-09-09','2021-09-14', 'annual');
insert into hrms_employ_leaves (leave_id, emp_id, leave_startdate, leave_enddate, leavetype) values (8085,1069,'2021-09-12','2021-09-15', 'earned');
insert into hrms_employ_leaves (leave_id, emp_id, leave_startdate, leave_enddate, leavetype) values (8086,1014,'2021-09-17','2021-09-21', 'casual');
insert into hrms_employ_leaves (leave_id, emp_id, leave_startdate, leave_enddate, leavetype) values (8087,1072,'2021-09-26','2021-09-28', 'annual');
insert into hrms_employ_leaves (leave_id, emp_id, leave_startdate, leave_enddate, leavetype) values (8088,1019,'2021-10-03','2021-10-10', 'sick');
insert into hrms_employ_leaves (leave_id, emp_id, leave_startdate, leave_enddate, leavetype) values (8089,1035,'2021-10-07','2021-10-08', 'sick');
insert into hrms_employ_leaves (leave_id, emp_id, leave_startdate, leave_enddate, leavetype) values (8090,1077,'2021-10-11','2020-10-17', 'casual');
insert into hrms_employ_leaves (leave_id, emp_id, leave_startdate, leave_enddate, leavetype) values (8091,1028,'2021-10-17','2021-10-22', 'annual');
insert into hrms_employ_leaves (leave_id, emp_id, leave_startdate, leave_enddate, leavetype) values (8092,1026,'2021-10-21','2020-10-24', 'sick');
insert into hrms_employ_leaves (leave_id, emp_id, leave_startdate, leave_enddate, leavetype) values (8093,1068,'2021-10-25','2021-10-26', 'casual');
insert into hrms_employ_leaves (leave_id, emp_id, leave_startdate, leave_enddate, leavetype) values (8094,1019,'2021-10-27','2021-11-16', 'earned');
insert into hrms_employ_leaves (leave_id, emp_id, leave_startdate, leave_enddate, leavetype) values (8095,1048,'2021-11-10','2021-11-22', 'annual');
insert into hrms_employ_leaves (leave_id, emp_id, leave_startdate, leave_enddate, leavetype) values (8096,1081,'2021-11-14','2021-11-19', 'casual');
insert into hrms_employ_leaves (leave_id, emp_id, leave_startdate, leave_enddate, leavetype) values (8097,1093,'2021-11-19','2021-12-05', 'earned');
insert into hrms_employ_leaves (leave_id, emp_id, leave_startdate, leave_enddate, leavetype) values (8098,1028,'2021-11-23','2021-11-26', 'casual');
insert into hrms_employ_leaves (leave_id, emp_id, leave_startdate, leave_enddate, leavetype) values (8099,1071, '2021-12-05','2021-09-10', 'earned');
insert into hrms_employ_leaves (leave_id, emp_id, leave_startdate, leave_enddate, leavetype) values (8100,1023, '2021-12-05','2021-12-11', 'annual');











insert into hrms_employee_details (emp_id, first_name, middle_name, last_name,designation_id,dept_id, birthdate, sex, company_emailid, phone_no, houseno, street_name, city, pincode, employment_date, reporting_manager) values (1001, 'Raleigh', 'Artair', 'Odlin',101,20, '1990-09-23','M', 'iodlin0@intel.com', 1115665790, 12, 'Cambridge', 'Sindangkopo', 02115, '2021-07-09', 'Ignatius');
insert into hrms_employee_details (emp_id, first_name, middle_name, last_name,designation_id,dept_id, birthdate, sex, company_emailid, phone_no, houseno, street_name, city, pincode, employment_date, reporting_manager) values (1002, 'Cross', 'Algernon', 'Hurnell',102,10, '1997-07-19','M', 'phurnell1@smugmug.com', 3012745296, 63, 'Killdeer', 'Gävle', 80106, '2021-09-26', 'Prentice');
insert into hrms_employee_details (emp_id, first_name, middle_name, last_name,designation_id,dept_id, birthdate, sex, company_emailid, phone_no, houseno, street_name, city, pincode, employment_date, reporting_manager) values (1003, 'Baily', 'Pancho', 'Atcock',104,60,'2000-02-20','M','satcock2@dmoz.org', 9436326222, 1942, 'Fairview', 'Nuwaybi‘a', 87654, '2021-05-12', 'Sloan');
insert into hrms_employee_details (emp_id, first_name, middle_name, last_name,designation_id,dept_id,birthdate, sex, company_emailid, phone_no, houseno, street_name, city, pincode, employment_date, reporting_manager) values (1004, 'Electra', 'Maddi', 'Wakeley',102,50,'1980-12-07','F','nwakeley3@creativecommons.org', 4057787554, 62842, 'Mcbride', 'Kretinga', 97001, '2021-10-27', 'Nerty');
insert into hrms_employee_details (emp_id, first_name, middle_name, last_name,designation_id,dept_id, birthdate, sex, company_emailid, phone_no, houseno, street_name, city, pincode, employment_date, reporting_manager) values (1005, 'Vidovik', 'Quentin', 'Morison',105,30,'1985-05-25','M','mmorison4@ebay.co.uk',2039981345, 2, 'Northfield', 'Ta‘izz', 12345, '2021-03-25', 'Marlon');
insert into hrms_employee_details (emp_id, first_name, middle_name, last_name,designation_id,dept_id, birthdate, sex, company_emailid, phone_no, houseno, street_name, city, pincode, employment_date, reporting_manager) values (1006, 'Sheree', 'Eula', 'Aleksankin',104,70, '1990-03-13','F','raleksankin5@sohu.com',4367053027, 5621, 'Nelson', 'Mahaddayweyne', 45678, '2021-02-09', 'Rosaline');
insert into hrms_employee_details (emp_id, first_name, middle_name, last_name,designation_id,dept_id, birthdate, sex, company_emailid, phone_no, houseno, street_name, city, pincode, employment_date, reporting_manager) values (1007, 'Clementina', 'Marlee', 'Draijer',104,30,'2000-02-16','F','gdraijer6@rediff.com',6212629274, 9065, 'Loomis', 'Pisaras', 56787, '2021-08-01', 'Gilli');
insert into hrms_employee_details (emp_id, first_name, middle_name, last_name,designation_id,dept_id, birthdate, sex, company_emailid, phone_no, houseno, street_name, city, pincode, employment_date, reporting_manager) values (1008, 'Thebault', 'Theodoric', 'Sinnett',107,30,'1998-10-30','M','msinnett7@reddit.com',1977356755, 7, 'Gina', 'Kasamwa', 34567, '2021-01-03', 'Mikol');
insert into hrms_employee_details (emp_id, first_name, middle_name, last_name,designation_id,dept_id, birthdate, sex, company_emailid, phone_no, houseno, street_name, city, pincode, employment_date, reporting_manager) values (1009, 'Isacco', 'Darby', 'Illesley',103,80,'1995-06-24','M','millesley8@wiley.com',4187255017, 3, 'Moulton', 'Bang Len', 73130, '2021-06-10','Matthiew');
insert into hrms_employee_details (emp_id, first_name, middle_name, last_name,designation_id,dept_id, birthdate, sex, company_emailid, phone_no, houseno, street_name, city, pincode, employment_date, reporting_manager) values (1010, 'Joe', 'Reinwald', 'Camier',105,70,'1996-02-10','M','rcamier9@virginia.edu',7623598276, 38, 'Pond', 'Yoshii', 95220, '2020-12-25','Rowan');
insert into hrms_employee_details (emp_id, first_name, middle_name, last_name,designation_id,dept_id, birthdate, sex, company_emailid, phone_no, houseno, street_name, city, pincode, employment_date, reporting_manager) values (1011, 'Erv', 'Padraig', 'Harbage',103,60,'1999-12-08','M','hharbagea@bloglovin.com',8869911883, 53734, 'Forster', 'Ntoroko', 94357, '2021-09-26','Herby');
insert into hrms_employee_details (emp_id, first_name, middle_name, last_name,designation_id,dept_id, birthdate, sex, company_emailid, phone_no, houseno, street_name, city, pincode, employment_date, reporting_manager) values (1012, 'Nanine', 'Edita', 'Leisman',104,60,'2000-04-27','F','lleismanb@rakuten.co.jp',7022454076, 27774, 'Park Meadow', 'Siverskiy', 18835, '2021-01-08','Leontine');
insert into hrms_employee_details (emp_id, first_name, middle_name, last_name,designation_id,dept_id, birthdate, sex, company_emailid, phone_no, houseno, street_name, city, pincode, employment_date, reporting_manager) values (1013, 'Ki', 'Romola', 'Mcimmie',101,70,'2011-03-09', 'F','lmcimmiec@infoseek.co.jp','838-339-6864', '34', 'Sachs', 'Ibaraki', 64921, '2021-01-05','Lorna');
insert into hrms_employee_details (emp_id, first_name, middle_name, last_name,designation_id,dept_id, birthdate, sex, company_emailid, phone_no, houseno, street_name, city, pincode, employment_date, reporting_manager) values (1014, 'Francis', 'Saw', 'Elliot',105,60,'2000-05-08', 'M','gelliotd@aol.com',5757111724, 58771, 'Erie', 'Santiago', 54784, '2021-06-12','Gran');
insert into hrms_employee_details (emp_id, first_name, middle_name, last_name,designation_id,dept_id, birthdate, sex, company_emailid, phone_no, houseno, street_name, city, pincode, employment_date, reporting_manager) values (1015, 'Ethelind', 'Rona', 'Jain',103,70, '1998-12-27', 'F','fjaine@arizona.edu',9506182443, 559, 'Anderson', 'Vitomarci', 92255, '2021-06-20','Fredrika');
insert into hrms_employee_details (emp_id, first_name, middle_name, last_name,designation_id,dept_id, birthdate, sex, company_emailid, phone_no, houseno, street_name, city, pincode, employment_date, reporting_manager) values (1016, 'Killy', 'Grove', 'Kleanthous',103,50, '1995-09-27','M','wkleanthousf@buzzfeed.com', 3805432909, 78, 'Melby', 'Cibatuireng', 96341, '2021-09-06','Wallace');
insert into hrms_employee_details (emp_id, first_name, middle_name, last_name,designation_id,dept_id, birthdate, sex, company_emailid, phone_no, houseno, street_name, city, pincode, employment_date, reporting_manager) values (1017, 'Audrie', 'Ranique', 'Hayden',104,60,'1994-06-20','F','shaydeng@globo.com',6802196866, 30203, 'Loeprich', 'Telheira', 46506, '2021-05-28','Sibbie');
insert into hrms_employee_details (emp_id, first_name, middle_name, last_name,designation_id,dept_id, birthdate, sex, company_emailid, phone_no, houseno, street_name, city, pincode, employment_date, reporting_manager) values (1018, 'Heida', 'Lorain', 'Bletcher',103,80,'1990-09-16','F','pbletcherh@wikia.com',7022555623, 3821, 'Gale', 'Không', 94538, '2021-05-03','Paule');
insert into hrms_employee_details (emp_id, first_name, middle_name, last_name,designation_id,dept_id, birthdate, sex, company_emailid, phone_no, houseno, street_name, city, pincode, employment_date, reporting_manager) values (1019, 'Welch', 'Gram', 'Golston',102,80,'1995-07-06', 'M','bgolstoni@w3.org', 3661526649, 43, 'Fallview', 'Jantake', 98765, '2021-04-12','Bart');
insert into hrms_employee_details (emp_id, first_name, middle_name, last_name,designation_id,dept_id, birthdate, sex, company_emailid, phone_no, houseno, street_name, city, pincode, employment_date, reporting_manager) values (1020, 'Clayborne', 'Anders', 'Kelner',104,80, '1990-11-08','M','rkelnerj@ucsd.edu',5423249120, 5535, 'Nova', 'São Jerônimo', 96700, '2021-02-15','Rockwell');
insert into hrms_employee_details (emp_id, first_name, middle_name, last_name,designation_id,dept_id, birthdate, sex, company_emailid, phone_no, houseno, street_name, city, pincode, employment_date, reporting_manager) values (1021, 'Miguelita', 'Tiffani', 'Kynder',105,60, '1993-01-31','F','mkynderk@t-online.de',8635321102, 02, 'Village', 'Maisons-Laffitte', 78604, '2021-03-16','Mead');
insert into hrms_employee_details (emp_id, first_name, middle_name, last_name,designation_id,dept_id, birthdate, sex, company_emailid, phone_no, houseno, street_name, city, pincode, employment_date, reporting_manager) values (1022, 'Silas', 'Dagny', 'Gillbanks',108,20,'1992-09-10','M','tgillbanksl@github.com', 7955766825, 430, 'Canary', 'Naha-shi', 90826, '2021-01-29','Timmie');
insert into hrms_employee_details (emp_id, first_name, middle_name, last_name,designation_id,dept_id, birthdate, sex, company_emailid, phone_no, houseno, street_name, city, pincode, employment_date, reporting_manager) values (1023, 'Rik', 'Timoteo', 'Dellow',104,70,'1991-10-17', 'M','cdellowm@msu.edu',7473705974, 86695,'Knutson', 'Sestroretsk', 19730, '2021-09-19','Clayton');
insert into hrms_employee_details (emp_id, first_name, middle_name, last_name,designation_id,dept_id, birthdate, sex, company_emailid, phone_no, houseno, street_name, city, pincode, employment_date, reporting_manager) values (1024, 'Henka', 'Ruthann', 'Vaney',107,80, '1990-09-04','F','jvaneyn@army.mil',5408730986, 82583,'Fuller', 'Yarabamba', 76108, '2021-03-24','Jobi');
insert into hrms_employee_details (emp_id, first_name, middle_name, last_name,designation_id,dept_id, birthdate, sex, company_emailid, phone_no, houseno, street_name, city, pincode, employment_date, reporting_manager) values (1025, 'Mufi', 'Tamarra', 'Casterton',101,70, '1995-07-21','F','kcastertono@github.com', 2298786715,930, 'Brickson Park', 'Lawrenceville', 30245, '2021-05-18','Kaitlin');
insert into hrms_employee_details (emp_id, first_name, middle_name, last_name,designation_id,dept_id, birthdate, sex, company_emailid, phone_no, houseno, street_name, city, pincode, employment_date, reporting_manager) values (1026, 'Janenna', 'Roby', 'Raitie',102,6,'1997-04-16','F','sraitiep@paypal.com',5778123375,3,'Farwell', 'Barbaza', 57026, '2021-03-14','Sybil');
insert into hrms_employee_details (emp_id, first_name, middle_name, last_name,designation_id,dept_id, birthdate, sex, company_emailid, phone_no, houseno, street_name, city, pincode, employment_date, reporting_manager) values (1027, 'Kent', 'Ric', 'Mallinar',107,40, '1994-09-24', 'M','wmallinarq@ebay.com',9302837093,2583, 'Miller', 'Barbacena', 06200, '2021-08-15','Wade');
insert into hrms_employee_details (emp_id, first_name, middle_name, last_name,designation_id,dept_id, birthdate, sex, company_emailid, phone_no, houseno, street_name, city, pincode, employment_date, reporting_manager) values (1028, 'Montague', 'Reid', 'Butlin',105,80, '1992-01-12','M','rbutlinr@clickbank.net',3564296965, 8, 'Sherman', 'Huancarqui', 98564, '2021-03-29','Ross');
insert into hrms_employee_details (emp_id, first_name, middle_name, last_name,designation_id,dept_id, birthdate, sex, company_emailid, phone_no, houseno, street_name, city, pincode, employment_date, reporting_manager) values (1029, 'Mildred', 'Katusha', 'Denyukin',107,20, '1997-06-10','F','kdenyukins@slideshare.net', 9259212080, 3, 'Jay', 'Gensi', 98543, '2021-02-08','Kassi');
insert into hrms_employee_details (emp_id, first_name, middle_name, last_name,designation_id,dept_id, birthdate, sex, company_emailid, phone_no, houseno, street_name, city, pincode, employment_date, reporting_manager) values (1030, 'Toby', 'Gerri', 'Somes',104,80,'1998-07-15', 'M','hsomest@ca.gov',9715990094, 79100, 'Hayes', 'San Narciso', 43123, '2021-03-27','Harlin');
insert into hrms_employee_details (emp_id, first_name, middle_name, last_name,designation_id,dept_id, birthdate, sex, company_emailid, phone_no, houseno, street_name, city, pincode, employment_date, reporting_manager) values (1031, 'Neddie', 'Clare', 'Clutram',105,20,'1995-08-26','M','eclutramu@netvibes.com', 8566673238, 90552, 'Luster', 'Stari Grad', 21460, '2021-02-10','Eugenio');
insert into hrms_employee_details (emp_id, first_name, middle_name, last_name,designation_id,dept_id, birthdate, sex, company_emailid, phone_no, houseno, street_name, city, pincode, employment_date, reporting_manager) values (1032, 'Alia', 'Gladys', 'Tallon', 102,60, '1992-09-19','F','mtallonv@europa.eu', 7004152613, 48, 'Buena Vista', 'Huangcai', 65425, '2021-01-05','Mil');
insert into hrms_employee_details (emp_id, first_name, middle_name, last_name,designation_id,dept_id, birthdate, sex, company_emailid, phone_no, houseno, street_name, city, pincode, employment_date, reporting_manager) values (1033, 'Reginauld', 'Fulton', 'Sibary', 105,80,'1993-05-31','M','dsibaryw@huffingtonpost.com', 4252546541, 521, 'Oak Valley', 'Sukakarya', 85439, '2021-08-20','Davis');
insert into hrms_employee_details (emp_id, first_name, middle_name, last_name,designation_id,dept_id, birthdate, sex, company_emailid, phone_no, houseno, street_name, city, pincode, employment_date, reporting_manager) values (1034, 'Madelene', 'Sande', 'McGarrity',105,50 ,'1997-09-04','F','emcgarrityx@mail.ru', 5004323063, 85448, 'Troy', 'Tintafor', 98542, '2021-02-13','Estrella');
insert into hrms_employee_details (emp_id, first_name, middle_name, last_name,designation_id,dept_id, birthdate, sex, company_emailid, phone_no, houseno, street_name, city, pincode, employment_date, reporting_manager) values (1035, 'Chane', 'Noel', 'Almon',103,80, '1993-06-23', 'M','calmony@purevolume.com', 7283475568, 84187, 'Grayhawk', 'Katagum', 34521, '2021-01-07','Cully');
insert into hrms_employee_details (emp_id, first_name, middle_name, last_name,designation_id,dept_id, birthdate, sex, company_emailid, phone_no, houseno, street_name, city, pincode, employment_date, reporting_manager) values (1036, 'Towney', 'Rogers', 'Paulmann',105,70, '1994-06-24','M','dpaulmannz@cloudflare.com', 8648332331, 5536, 'Longview', 'Jargalant', 87654, '2021-04-17','Delmor');
insert into hrms_employee_details (emp_id, first_name, middle_name, last_name,designation_id,dept_id, birthdate, sex, company_emailid, phone_no, houseno, street_name, city, pincode, employment_date, reporting_manager) values (1037, 'Salli', 'Kassie', 'Niblett',106,80, '1993-01-04','F', 'cniblett10@booking.com', 8158121651, 6295, 'Hoard', 'Senggreng', 65443, '2021-01-10','Cass');
insert into hrms_employee_details (emp_id, first_name, middle_name, last_name,designation_id,dept_id, birthdate, sex, company_emailid, phone_no, houseno, street_name, city, pincode, employment_date, reporting_manager) values (1038, 'Bernie', 'Garrik', 'Jentges',105,80,'1994-07-08', 'M', 'ljentges11@dion.ne.jp', 1037965637, 89598, '2nd', 'Tajrīsh', 65432, '2021-12-07','Land');
insert into hrms_employee_details (emp_id, first_name, middle_name, last_name,designation_id,dept_id, birthdate, sex, company_emailid, phone_no, houseno, street_name, city, pincode, employment_date, reporting_manager) values (1039, 'Verine', 'Celie', 'Handrick',108,60,'1993-08-14', 'F', 'hhandrick12@purevolume.com', 4741980541, 9, 'Farmco', 'Honglin', 76543, '2021-09-10','Hedy');
insert into hrms_employee_details (emp_id, first_name, middle_name, last_name,designation_id,dept_id, birthdate, sex, company_emailid, phone_no, houseno, street_name, city, pincode, employment_date, reporting_manager) values (1040, 'Ammamaria', 'Latisha', 'Riddock',103,60,'1995-07-07', 'F', 'driddock13@vimeo.com', 5333498922, 36599, 'Raven', 'Lukou', 54443, '2021-11-05','Denni');
insert into hrms_employee_details (emp_id, first_name, middle_name, last_name,designation_id,dept_id, birthdate, sex, company_emailid, phone_no, houseno, street_name, city, pincode, employment_date, reporting_manager) values (1041, 'Fielding', 'Cirillo', 'Shill',105,70,'1998-01-18','M', 'mshill14@smh.com.au', 7123240270, 90, 'Merry', 'Ankazoabo', 98543, '2021-09-14','Menard');
insert into hrms_employee_details (emp_id, first_name, middle_name, last_name,designation_id,dept_id, birthdate, sex, company_emailid, phone_no, houseno, street_name, city, pincode, employment_date, reporting_manager) values (1042, 'Batholomew', 'Goober', 'McQuilty',104,80,'1996-03-18','M', 'smcquilty15@google.co.jp', 8029820199, 7169, 'Daystar', 'Santo Antônio do Monte', 35560, '2021-09-25','Selby');
insert into hrms_employee_details (emp_id, first_name, middle_name, last_name,designation_id,dept_id, birthdate, sex, company_emailid, phone_no, houseno, street_name, city, pincode, employment_date, reporting_manager) values (1043, 'Orazio', 'Adolf', 'Lemar',106,80,'1992-05-16','M','tlemar16@1und1.de', 2705892168, 746, 'Dunning', 'Nggelok', 86432, '2021-04-08','Trevar');
insert into hrms_employee_details (emp_id, first_name, middle_name, last_name,designation_id,dept_id, birthdate, sex, company_emailid, phone_no, houseno, street_name, city, pincode, employment_date, reporting_manager) values (1044, 'Dniren', 'Carlynne', 'Zorzenoni',105,9, '1993-07-22', 'F', 'kzorzenoni17@telegraph.co.uk', 8174784025, 9829, 'Weeping Birch', 'Tanguiéta', 54324, '2021-03-29','Kimmi');
insert into hrms_employee_details (emp_id, first_name, middle_name, last_name,designation_id,dept_id, birthdate, sex, company_emailid, phone_no, houseno, street_name, city, pincode, employment_date, reporting_manager) values (1045, 'Torr', 'Lee', 'Trasler', 104,20,'1996-10-27','M','btrasler18@gmpg.org', 1308272400, 99338, 'Granby', 'Železný Brod', 46822, '2021-08-05','Bertram');
insert into hrms_employee_details (emp_id, first_name, middle_name, last_name,designation_id,dept_id, birthdate, sex, company_emailid, phone_no, houseno, street_name, city, pincode, employment_date, reporting_manager) values (1046, 'Elsworth', 'Stacee', 'Redmond', 110,10,'1997-09-21','M', 'sredmond19@topsy.com', 7071435923, 7820, 'Melrose', 'Dahe', 43256, '2021-01-06','Silvano');
insert into hrms_employee_details (emp_id, first_name, middle_name, last_name,designation_id,dept_id, birthdate, sex, company_emailid, phone_no, houseno, street_name, city, pincode, employment_date, reporting_manager) values (1047, 'Aldis', 'Tybalt', 'Huey',107,30,'1993-04-26','M','shuey1a@comsenz.com', 9587171082, 806, 'Oakridge', 'Saint-Maurice-l''Exil', 38554, '2021-05-11','Stinky');
insert into hrms_employee_details (emp_id, first_name, middle_name, last_name,designation_id,dept_id, birthdate, sex, company_emailid, phone_no, houseno, street_name, city, pincode, employment_date, reporting_manager) values (1048, 'Blythe', 'Gypsy', 'Fenelon', 106,10,'1994-11-14', 'F', 'cfenelon1b@abc.net.au', 2454599734, 30901, 'Eastwood', 'Thị Trấn Văn Quan', 87345, '2021-09-29','Corenda');
insert into hrms_employee_details (emp_id, first_name, middle_name, last_name,designation_id,dept_id, birthdate, sex, company_emailid, phone_no, houseno, street_name, city, pincode, employment_date, reporting_manager) values (1049, 'Darby', 'Meryl', 'Gonnely', 105,80,'1996-05-11', 'M', 'lgonnely1c@homestead.com', 7784820590, 1881, 'Loeprich', 'Västerås', 72244, '2021-05-13','Liam');
insert into hrms_employee_details (emp_id, first_name, middle_name, last_name,designation_id,dept_id, birthdate, sex, company_emailid, phone_no, houseno, street_name, city, pincode, employment_date, reporting_manager) values (1050, 'Louise', 'Sharron', 'Tourner',103,80, '1998-05-26','F', 'ctourner1d@nbcnews.com', 5961733668, 9, 'Service', 'Gayam', 98765, '2021-10-12','Collete');
insert into hrms_employee_details (emp_id, first_name, middle_name, last_name,designation_id,dept_id, birthdate, sex, company_emailid, phone_no, houseno, street_name, city, pincode, employment_date, reporting_manager) values (1051, 'Loydie', 'Barnabe', 'Hovee', 105,20,'2000-06-15','M','hhovee1e@barnesandnoble.com', 3655041107, 2097, 'Milwaukee', 'Jevišovice', 67158, '2021-04-11','Harwilll');
insert into hrms_employee_details (emp_id, first_name, middle_name, last_name,designation_id,dept_id, birthdate, sex, company_emailid, phone_no, houseno, street_name, city, pincode, employment_date, reporting_manager) values (1052, 'Winnie', 'Curtice', 'Wilman', 104,40,'1993-07-13', 'M', 'kwilman1f@amazon.de', 4075339801, 29, 'Rockefeller', 'Santa Rosa',98756, '2021-02-25','Keefe');
insert into hrms_employee_details (emp_id, first_name, middle_name, last_name,designation_id,dept_id, birthdate, sex, company_emailid, phone_no, houseno, street_name, city, pincode, employment_date, reporting_manager) values (1053, 'Erinn', 'Nikoletta', 'McClelland',106,30,'1992-09-19','F', 'pmcclelland1g@altervista.org', 7932002397, 4475, 'Village Green', 'Plaridel', 72039, '2021-03-22','Prudence');
insert into hrms_employee_details (emp_id, first_name, middle_name, last_name,designation_id,dept_id, birthdate, sex, company_emailid, phone_no, houseno, street_name, city, pincode, employment_date, reporting_manager) values (1054, 'Costanza', 'Sybila', 'Dolby',104,10,'1990-04-14','F','adolby1h@telegraph.co.uk', 9029913591, 9503, 'Forster', 'Alor Setar', 05460, '2021-07-11','Ailina');
insert into hrms_employee_details (emp_id, first_name, middle_name, last_name,designation_id,dept_id, birthdate, sex, company_emailid, phone_no, houseno, street_name, city, pincode, employment_date, reporting_manager) values (1055, 'Ches', 'Aguistin', 'Walkey', 107,30,'1992-08-14','M','hwalkey1i@myspace.com', 4359896098, 95, 'South', 'Halteu', 75647, '2021-10-03','Heinrik');
insert into hrms_employee_details (emp_id, first_name, middle_name, last_name,designation_id,dept_id, birthdate, sex, company_emailid, phone_no, houseno, street_name, city, pincode, employment_date, reporting_manager) values (1056, 'Kelby', 'Maurie', 'Erridge', 110,40,'1998-07-17','M','gerridge1j@altervista.org', 1209716025, 3103, 'Jenifer', 'Corga', 49606, '2021-03-05','Gustav');
insert into hrms_employee_details (emp_id, first_name, middle_name, last_name,designation_id,dept_id, birthdate, sex, company_emailid, phone_no, houseno, street_name, city, pincode, employment_date, reporting_manager) values (1057, 'Michel', 'Ulysses', 'Cunde', 107,30,'1995-12-23','M','qcunde1k@soup.io', 3506864931, 394, 'Fordem', 'Centenario', 83079, '2021-02-24','Quincy');
insert into hrms_employee_details (emp_id, first_name, middle_name, last_name,designation_id,dept_id, birthdate, sex, company_emailid, phone_no, houseno, street_name, city, pincode, employment_date, reporting_manager) values (1058, 'Blair', 'Denis', 'Coltman', 104,40,'1992-12-13','M','wcoltman1l@google.com.au', 9648395013, 1, 'Loeprich', 'Zheleznovodsk', 35748, '2021-09-18','Winston');
insert into hrms_employee_details (emp_id, first_name, middle_name, last_name,designation_id,dept_id, birthdate, sex, company_emailid, phone_no, houseno, street_name, city, pincode, employment_date, reporting_manager) values (1059, 'Desiree', 'Adi', 'Etchells',105,70,'1994-11-17','F','eetchells1m@webnode.com', 5522176214, 04, 'West', 'Ambato Boeny', 87656, '2021-02-10','Emogene');
insert into hrms_employee_details (emp_id, first_name, middle_name, last_name,designation_id,dept_id, birthdate, sex, company_emailid, phone_no, houseno, street_name, city, pincode, employment_date, reporting_manager) values (1060, 'Liz', 'Sabrina', 'Rousell', ,108,40,'1993-11-09','F','erousell1n@google.pl', 8992527083, 7, 'Springview', 'Sidi Lamine', 87654, '2021-01-27','Emeline');
insert into hrms_employee_details (emp_id, first_name, middle_name, last_name,designation_id,dept_id, birthdate, sex, company_emailid, phone_no, houseno, street_name, city, pincode, employment_date, reporting_manager) values (1061, 'Sigismondo', 'Derick', 'Riggoll',105,20,'1999-06-22','M','briggoll1o@craigslist.org', 1277273683, 40769, 'Paget', 'Manggis', 98345, '2021-08-04','Byram');
insert into hrms_employee_details (emp_id, first_name, middle_name, last_name,designation_id,dept_id, birthdate, sex, company_emailid, phone_no, houseno, street_name, city, pincode, employment_date, reporting_manager) values (1062, 'Maxwell', 'Broderick', 'Grzegorek',104,30,'2000-07-21','M','agrzegorek1p@histats.com', 7151130960, 4, 'Vermont', 'Paihia', 02437, '2021-11-29','Aaron');
insert into hrms_employee_details (emp_id, first_name, middle_name, last_name,designation_id,dept_id, birthdate, sex, company_emailid, phone_no, houseno, street_name, city, pincode, employment_date, reporting_manager) values (1063, 'Phoebe', 'Belinda', 'Adshead', ,105,70,'1993-06-25','F','gadshead1q@google.ca', 3785311264, 6, 'Miller', 'Baolong', 98765, '2021-06-15','Georgina');
insert into hrms_employee_details (emp_id, first_name, middle_name, last_name,designation_id,dept_id, birthdate, sex, company_emailid, phone_no, houseno, street_name, city, pincode, employment_date, reporting_manager) values (1064, 'Kimberley', 'Dre', 'Rubel', 104,50,'1987-06-01','F','krubel1r@eepurl.com', 2585558178, 74, 'Scoville', 'Evinayong', 12376, '2021-10-26','Kass');
insert into hrms_employee_details (emp_id, first_name, middle_name, last_name,designation_id,dept_id, birthdate, sex, company_emailid, phone_no, houseno, street_name, city, pincode, employment_date, reporting_manager) values (1065, 'Errol', 'Sandor', 'Grishukov', 106,30,'1988-10-30','M','ogrishukov1s@surveymonkey.com', 1283968351, 04247, 'Sheridan', 'Zhaolingpu', 65476, '2021-02-12','Otho');
insert into hrms_employee_details (emp_id, first_name, middle_name, last_name,designation_id,dept_id, birthdate, sex, company_emailid, phone_no, houseno, street_name, city, pincode, employment_date, reporting_manager) values (1066, 'Herrick', 'Lucas', 'Kennedy',105,30,'1986-02-15','M','dkennedy1t@amazon.co.jp', 1063863904, 82062, 'Arrowood', 'Aubergenville', 78415, '2021-11-07','Dalis');
insert into hrms_employee_details (emp_id, first_name, middle_name, last_name,designation_id,dept_id, birthdate, sex, company_emailid, phone_no, houseno, street_name, city, pincode, employment_date, reporting_manager) values (1067, 'Toby', 'Romain', 'Linskey',104,70,'1984-02-14','M','slinskey1u@cdbaby.com', 2794118244, 8272, 'Mosinee', 'Huangshanguan', 54356, '2021-12-08','Scottie');
insert into hrms_employee_details (emp_id, first_name, middle_name, last_name,designation_id,dept_id, birthdate, sex, company_emailid, phone_no, houseno, street_name, city, pincode, employment_date, reporting_manager) values (1068, 'Muffin', 'Sloane', 'Lampen',103,30,'1982-06-11','M','slampen1v@baidu.com', 9168088516, 71506, 'New Castle', 'Sollefteå', 88130, '2021-01-12','Sam');
insert into hrms_employee_details (emp_id, first_name, middle_name, last_name,designation_id,dept_id, birthdate, sex, company_emailid, phone_no, houseno, street_name, city, pincode, employment_date, reporting_manager) values (1069, 'Carney', 'Dwight', 'Rumble', 107,30,'1987-04-28','M','hrumble1w@slate.com', 5839856910, 4, 'Lien', 'Qinjiang', 87543, '2020-12-31','Hirsch');
insert into hrms_employee_details (emp_id, first_name, middle_name, last_name,designation_id,dept_id, birthdate, sex, company_emailid, phone_no, houseno, street_name, city, pincode, employment_date, reporting_manager) values (1070, 'Charlotte', 'Emmy', 'Aldrin', 107,30,'1998-01-08','F','laldrin1x@dailymotion.com', 9727646160, 732, 'Anniversary', 'Pinoma', 34047, '2021-10-15','Leticia');
insert into hrms_employee_details (emp_id, first_name, middle_name, last_name,designation_id,dept_id, birthdate, sex, company_emailid, phone_no, houseno, street_name, city, pincode, employment_date, reporting_manager) values (1071, 'Leonard', 'Carey', 'Hamilton', 106,60,'1990-05-08','M','thamilton1y@latimes.com', 4144677979, 86, 'Texas', 'Beaumont', 65437, '2021-05-04','Tome');
insert into hrms_employee_details (emp_id, first_name, middle_name, last_name,designation_id,dept_id, birthdate, sex, company_emailid, phone_no, houseno, street_name, city, pincode, employment_date, reporting_manager) values (1072, 'Linnie', 'Merry', 'Martinello',106,30,'1986-07-15','F','fmartinello1z@ca.gov', 7827612969, 092, 'Norway Maple', 'Monjarás', 98654, '2021-05-02','Flossi');
insert into hrms_employee_details (emp_id, first_name, middle_name, last_name,designation_id,dept_id, birthdate, sex, company_emailid, phone_no, houseno, street_name, city, pincode, employment_date, reporting_manager) values (1073, 'Chiquita', 'Maribeth', 'Lamdin', 108,60,'1988-01-22','F','nlamdin20@cbc.ca', 1091864436, 712, 'Di Loreto', 'Hiseti', 26578, '2021-09-15','Natalee');
insert into hrms_employee_details (emp_id, first_name, middle_name, last_name,designation_id,dept_id, birthdate, sex, company_emailid, phone_no, houseno, street_name, city, pincode, employment_date, reporting_manager) values (1074, 'Augy', 'Wyatan', 'Lindman',103,80, '1987-12-30','M','mlindman21@state.gov', 5012110526, 046, 'Cardinal', 'Aubagne', 13681, '2021-05-14','Marco');
insert into hrms_employee_details (emp_id, first_name, middle_name, last_name,designation_id,dept_id, birthdate, sex, company_emailid, phone_no, houseno, street_name, city, pincode, employment_date, reporting_manager) values (1075, 'Nannette', 'Lindsay', 'Pietruszka',108,60,'1998-04-20','F','cpietruszka22@histats.com', 4547193390, 26392, 'Pepper Wood', 'Ratíškovice',69602, '2020-12-18', 'Carita');
insert into hrms_employee_details (emp_id, first_name, middle_name, last_name,designation_id,dept_id, birthdate, sex, company_emailid, phone_no, houseno, street_name, city, pincode, employment_date, reporting_manager) values (1076, 'Gussie', 'Lenka', 'Callow', 106,80,'1987-06-08', 'F','ecallow23@fc2.com', 9207518861, 41, 'Karstens', 'Lindesberg', 71182, '2021-09-03','Elyse');
insert into hrms_employee_details (emp_id, first_name, middle_name, last_name,designation_id,dept_id, birthdate, sex, company_emailid, phone_no, houseno, street_name, city, pincode, employment_date, reporting_manager) values (1077, 'Laney', 'Kalila', 'Bubbings', 109,50,'1978-04-26','F','ybubbings24@army.mil', 1784056652, 9854, 'Marcy', 'Knežica', 87654, '2021-11-13','Yelena');
insert into hrms_employee_details (emp_id, first_name, middle_name, last_name,designation_id,dept_id, birthdate, sex, company_emailid, phone_no, houseno, street_name, city, pincode, employment_date, reporting_manager) values (1078, 'Liuka', 'Marnie', 'Marking',106,30,'1965-02-28','F','fmarking25@hc360.com', 4245316166, 15572, 'Swallow', 'Upata', 32768, '2021-11-14','Ferdinande');
insert into hrms_employee_details (emp_id, first_name, middle_name, last_name,designation_id,dept_id, birthdate, sex, company_emailid, phone_no, houseno, street_name, city, pincode, employment_date, reporting_manager) values (1079, 'Melicent', 'Jenifer', 'Ketteridge',105,80,'1987-01-05','F','vketteridge26@ustream.tv', 8444734423, 13751, 'Artisan', 'Tireman Timur', 43786, '2021-09-03','Veriee');
insert into hrms_employee_details (emp_id, first_name, middle_name, last_name,designation_id,dept_id, birthdate, sex, company_emailid, phone_no, houseno, street_name, city, pincode, employment_date, reporting_manager) values (1080, 'Carny', 'Cesaro', 'Saenz', 109,30,'1989-04-24','M','gsaenz27@stumbleupon.com',9264146501, 1673, 'Maple', 'Klemunan', 78954, '2021-11-18','Gary');
insert into hrms_employee_details (emp_id, first_name, middle_name, last_name,designation_id,dept_id, birthdate, sex, company_emailid, phone_no, houseno, street_name, city, pincode, employment_date, reporting_manager) values (1081, 'Charmaine', 'Daile', 'Parlett',105,50,'1998-02-24','F','kparlett28@opera.com', 6238674478, 40, 'Tomscot', 'Guadalupe', 10801, '2021-08-27','Katleen');
insert into hrms_employee_details (emp_id, first_name, middle_name, last_name,designation_id,dept_id, birthdate, sex, company_emailid, phone_no, houseno, street_name, city, pincode, employment_date, reporting_manager) values (1082, 'Ardisj', 'Crin', 'Chinn', 106,30,'2000-06-19','F','dchinn29@mit.edu', 6796042530, 705, 'Oneill', 'Elbasan',43576, '2021-03-20','Dinah');
insert into hrms_employee_details (emp_id, first_name, middle_name, last_name,designation_id,dept_id, birthdate, sex, company_emailid, phone_no, houseno, street_name, city, pincode, employment_date, reporting_manager) values (1083, 'Fields', 'Herby', 'Di Biasio', 104,70,'1986-05-14','M','pdibiasio2a@sciencedirect.com', 4862209852, 43799, '1st', 'Paris 02', 75080, '2021-12-14','Paxon');
insert into hrms_employee_details (emp_id, first_name, middle_name, last_name,designation_id,dept_id, birthdate, sex, company_emailid, phone_no, houseno, street_name, city, pincode, employment_date, reporting_manager) values (1084, 'Vaughn', 'Consalve', 'Domeney', 107,20,'1965-10-02','M','mdomeney2b@jimdo.com', 2711158806, 6, 'Thierer', 'Daşoguz', 34563, '2021-02-18', 'Mattie');
insert into hrms_employee_details (emp_id, first_name, middle_name, last_name,designation_id,dept_id, birthdate, sex, company_emailid, phone_no, houseno, street_name, city, pincode, employment_date, reporting_manager) values (1085, 'Gabie', 'Xymenes', 'Scurrey', 106,30,'1976-07-29','M','hscurrey2c@yelp.com', 2348383973, 3, 'Northwestern', 'Villa Florida', 87654, '2021-07-15','Hillel');
insert into hrms_employee_details (emp_id, first_name, middle_name, last_name,designation_id,dept_id, birthdate, sex, company_emailid, phone_no, houseno, street_name, city, pincode, employment_date, reporting_manager) values (1086, 'Robenia', 'George', 'Constantine',104,60,'1975-02-12','F','aconstantine2d@devhub.com', 4382387700, 1223, 'Maywood', 'Sidaurip', 34567, '2021-01-06','Avivah');
insert into hrms_employee_details (emp_id, first_name, middle_name, last_name,designation_id,dept_id, birthdate, sex, company_emailid, phone_no, houseno, street_name, city, pincode, employment_date, reporting_manager) values (1087, 'Ethelda', 'Minta', 'Syversen', 105,30,'1987-02-10','F','ssyversen2e@4shared.com', 5684130407, 64110, 'Esker', 'Darmasari', 65467, '2021-10-21','Shayna');
insert into hrms_employee_details (emp_id, first_name, middle_name, last_name,designation_id,dept_id, birthdate, sex, company_emailid, phone_no, houseno, street_name, city, pincode, employment_date, reporting_manager) values (1088, 'Ofelia', 'Karena', 'Karolczyk', 103,80,'1967-03-09','F','kkarolczyk2f@bizjournals.com', 3413081341, 4298, 'Kenwood', 'Krzemienica', 37127, '2021-10-15','Kathie');
insert into hrms_employee_details (emp_id, first_name, middle_name, last_name,designation_id,dept_id, birthdate, sex, company_emailid, phone_no, houseno, street_name, city, pincode, employment_date, reporting_manager) values (1089, 'Clayton', 'Gabie', 'Allcoat',106,30,'1987-01-06','M','jallcoat2g@pcworld.com', 7454578404, 8896, 'Fuller', 'Vogan', 65687, '2021-07-17', 'Josh');
insert into hrms_employee_details (emp_id, first_name, middle_name, last_name,designation_id,dept_id, birthdate, sex, company_emailid, phone_no, houseno, street_name, city, pincode, employment_date, reporting_manager) values (1090, 'Giselbert', 'Stern', 'Bracken', 104,80,'1989-09-22','M','pbracken2h@abc.net.au', 3531685213, 5, 'Meadow Valley', 'Hudiksvall', 82426, '2021-07-29','Pascal');
insert into hrms_employee_details (emp_id, first_name, middle_name, last_name,designation_id,dept_id, birthdate, sex, company_emailid, phone_no, houseno, street_name, city, pincode, employment_date, reporting_manager) values (1091, 'Salem', 'Rudy', 'Scotting', 108,20,'1987-12-07','M','bscotting2i@cnbc.com', 5275922528, 3387, 'Jana', 'Épernay', 51209, '2021-05-12','Barron');
insert into hrms_employee_details (emp_id, first_name, middle_name, last_name,designation_id,dept_id, birthdate, sex, company_emailid, phone_no, houseno, street_name, city, pincode, employment_date, reporting_manager) values (1092, 'Dana', 'Camila', 'Tinkler',106,30,'1987-09-11','F','ftinkler2j@multiply.com', 9402640404, 02379, 'Kennedy', 'Srostki', 65937, '2021-12-04','Faun');
insert into hrms_employee_details (emp_id, first_name, middle_name, last_name,designation_id,dept_id, birthdate, sex, company_emailid, phone_no, houseno, street_name, city, pincode, employment_date, reporting_manager) values (1093, 'Kinsley', 'Artemas', 'Scarrisbrick',104,70,'1996-10-06','M','rscarrisbrick2k@ft.com', 5918592914, 7, 'Summit', 'Jatirogo', 87654, '2021-11-26','Rodolph');
insert into hrms_employee_details (emp_id, first_name, middle_name, last_name,designation_id,dept_id, birthdate, sex, company_emailid, phone_no, houseno, street_name, city, pincode, employment_date, reporting_manager) values (1094, 'Gabbi', 'Christy', 'Loakes', 101,40,'1965-01-24','F','floakes2l@reverbnation.com', 7206878538, 300, 'Springview', 'San Fernando Apure', 56456, '2021-01-20','Faustine');
insert into hrms_employee_details (emp_id, first_name, middle_name, last_name,designation_id,dept_id, birthdate, sex, company_emailid, phone_no, houseno, street_name, city, pincode, employment_date, reporting_manager) values (1095, 'Nevsa', 'Ilse', 'Eilhermann',101,40, '1978-08-29','F','aeilhermann2m@army.mil', 1343527740, 9, 'Tomscot', 'Gualaceo', 45678, '2021-04-13', 'Amanda');
insert into hrms_employee_details (emp_id, first_name, middle_name, last_name,designation_id,dept_id, birthdate, sex, company_emailid, phone_no, houseno, street_name, city, pincode, employment_date, reporting_manager) values (1096, 'Udale', 'Leon', 'Abraham', 101,40,'1986-09-17','M','wabraham2n@oaic.gov.au', 2072902006, 829, 'Jenifer', 'Cachoeiras de Macacu', 28680, '2021-01-04','West');
insert into hrms_employee_details (emp_id, first_name, middle_name, last_name,designation_id,dept_id, birthdate, sex, company_emailid, phone_no, houseno, street_name, city, pincode, employment_date, reporting_manager) values (1097, 'Timmi', 'Maryjo', 'Gisbey',106,30,'1967-06-24','F','sgisbey2o@reference.com', 4238658730, 44753, 'Florence', 'Kopen', 56789, '2021-07-30','Siusan');
insert into hrms_employee_details (emp_id, first_name, middle_name, last_name,designation_id,dept_id, birthdate, sex, company_emailid, phone_no, houseno, street_name, city, pincode, employment_date, reporting_manager) values (1098, 'Anna-diane', 'Lida', 'Wendover',106,30,'1987-01-28','F','hwendover2p@booking.com', 7041581130, 889, 'Longview', 'Radenković', 65456, '2021-03-24','Helena');
insert into hrms_employee_details (emp_id, first_name, middle_name, last_name,designation_id,dept_id, birthdate, sex, company_emailid, phone_no, houseno, street_name, city, pincode, employment_date, reporting_manager) values (1099, 'Lydon', 'Jerrome', 'Kernley', 101,40,'1984-02-01','M','ykernley2q@weebly.com', 4459368191, 5, 'Northwestern', 'Rozsypne', 45674, '2021-05-30', 'Yank');
insert into hrms_employee_details (emp_id, first_name, middle_name, last_name,designation_id,dept_id, birthdate, sex, company_emailid, phone_no, houseno, street_name, city, pincode, employment_date, reporting_manager) values(1100, 'Silvie', 'Minta', 'Ainslee', 106,30,'1995-04-22','F','jainslee2r@whitehouse.gov', 5834841991, 27831, 'Weeping Birch', 'Chancay', 09876, '2021-07-19','Janessa');













insert into hrms_employee_projects (emp_id, project_id, start_date, end_date,status) values (1001, 'RD1', '2019-04-21', '2021-06-07','Complete');
insert into hrms_employee_projects (emp_id, project_id, start_date, end_date,status) values (1020, 'RD2', '2019-04-17', '2021-12-07','Inprogress');
insert into hrms_employee_projects (emp_id, project_id, start_date, end_date,status) values (1034, 'FN3', '2018-10-11', '2021-05-18','Complete');
insert into hrms_employee_projects (emp_id, project_id, start_date, end_date,status) values (1054, 'FN1', '2020-09-15', '2021-10-11','Complete');
insert into hrms_employee_projects (emp_id, project_id, start_date, end_date,status) values (1006, ,'P2' '2020-03-31', '2021-06-15','Inprogress');
insert into hrms_employee_projects (emp_id, project_id, start_date, end_date,status) values (10078, 'RD6', '2020-08-10', '2021-06-22','Complete');
insert into hrms_employee_projects (emp_id, project_id, start_date, end_date,status) values (1098, 'A7', '2020-02-04', '2021-10-29','Complete');
insert into hrms_employee_projects (emp_id, project_id, start_date, end_date,status) values (1100, 'RD8', '2019-01-01', '2021-04-09','Inprogress');
insert into hrms_employee_projects (emp_id, project_id, start_date, end_date,status) values (1078, 'A9', '2019-01-15', '2021-02-10','Complete');
insert into hrms_employee_projects (emp_id, project_id, start_date, end_date,status) values (1012, 'RD8', '2020-07-12', '2021-03-30','Inprogress');
insert into hrms_employee_projects (emp_id, project_id, start_date, end_date,status) values (1011, 'O1', '2020-07-15', '2020-12-23','Complete');
insert into hrms_employee_projects (emp_id, project_id, start_date, end_date,status) values (1045, 'FN2', '2020-08-30', '2021-05-17','Inprogress');
insert into hrms_employee_projects (emp_id, project_id, start_date, end_date,status) values (1076, 'RD3', '2020-06-16', '2021-01-21','Complete');
insert into hrms_employee_projects (emp_id, project_id, start_date, end_date,status) values (1046, 'P4', '2020-04-26', '2021-09-14','Inprogress');
insert into hrms_employee_projects (emp_id, project_id, start_date, end_date,status) values (1027, 'A1', '2020-03-27', '2021-09-22','Complete');
insert into hrms_employee_projects (emp_id, project_id, start_date, end_date,status) values (1018, 'FN6', '2019-10-18', '2021-03-21','Inprogress');
insert into hrms_employee_projects (emp_id, project_id, start_date, end_date,status) values (1028, 'P7', '2015-10-25', '2021-08-03','Inprogress');
insert into hrms_employee_projects (emp_id, project_id, start_date, end_date,status) values (1094, 'A8', '2018-07-15', '2021-11-08','Inprogress');
insert into hrms_employee_projects (emp_id, project_id, start_date, end_date,status) values (1090, 'A9', '2019-11-03', '2021-10-31','Inprogress');
insert into hrms_employee_projects (emp_id, project_id, start_date, end_date,status) values (1070, 'A2', '2018-09-05', '2021-05-26','Inprogress');
insert into hrms_employee_projects (emp_id, project_id, start_date, end_date,status) values (1054, 'A21', '2017-05-15', '2020-12-20','Complete');
insert into hrms_employee_projects (emp_id, project_id, start_date, end_date,status) values (1050, 'O22', '2019-10-06', '2021-12-06','Inprogress');
insert into hrms_employee_projects (emp_id, project_id, start_date, end_date,status) values (1066, 'A3', '2020-01-13', '2021-04-26','Complete');
insert into hrms_employee_projects (emp_id, project_id, start_date, end_date,status) values (1060, 'O4', '2020-01-31', '2021-12-07','Inprogress');
insert into hrms_employee_projects (emp_id, project_id, start_date, end_date,status) values (1039, 'RD5', '2020-03-28', '2021-08-10','Inprogress');
insert into hrms_employee_projects (emp_id, project_id, start_date, end_date,status) values (1079, 'O6', '2020-01-18', '2021-06-03','Complete');
insert into hrms_employee_projects (emp_id, project_id, start_date, end_date,status) values (1056, 'P7', '2021-11-11', '2021-09-05','Inprogress');
insert into hrms_employee_projects (emp_id, project_id, start_date, end_date,status) values (1049, 'O8', '2017-01-03', '2021-03-07','Inprogress');
insert into hrms_employee_projects (emp_id, project_id, start_date, end_date,status) values (1023, 'O9', '2018-08-13', '2021-02-05','Complete');
insert into hrms_employee_projects (emp_id, project_id, start_date, end_date,status) values (1039, 'O3', '2017-04-29', '2021-06-27''Complete');
insert into hrms_employee_projects (emp_id, project_id, start_date, end_date,status) values (1008, 'FN1', '2020-09-02', '2021-06-14','Complete');
insert into hrms_employee_projects (emp_id, project_id, start_date, end_date,status) values (1002, 'O2', '2020-02-11', '2021-01-16','Inprogress');
insert into hrms_employee_projects (emp_id, project_id, start_date, end_date,status) values (1045, 'FN3', '2020-01-14', '2021-10-02','Inprogress');
insert into hrms_employee_projects (emp_id, project_id, start_date, end_date,status) values (1070, 'O4', '2020-11-28', '2021-07-12','Inprogress');
insert into hrms_employee_projects (emp_id, project_id, start_date, end_date,status) values (1010, 'FN5', '2020-12-24', '2021-08-08','Inprogress');
insert into hrms_employee_projects (emp_id, project_id, start_date, end_date,status) values (1100, 'O3', '2020-09-06', '2020-12-27','Inprogress');
insert into hrms_employee_projects (emp_id, project_id, start_date, end_date,status) values (1076, 'P7', '2020-11-13', '2020-12-26','Inprogress');
insert into hrms_employee_projects (emp_id, project_id, start_date, end_date,status) values (1085, 'FN8', '2020-07-30', '2021-06-12','Inprogress');
insert into hrms_employee_projects (emp_id, project_id, start_date, end_date,status) values (1092, 'O9', '2020-02-24', '2021-08-31','Complete');
insert into hrms_employee_projects (emp_id, project_id, start_date, end_date,status) values (1004, 'P4', '2020-05-27', '2021-12-01','Inprogress');
insert into hrms_employee_projects (emp_id, project_id, start_date, end_date,status) values (1046, 'P4', '2020-08-11', '2021-10-04','Complete');
insert into hrms_employee_projects (emp_id, project_id, start_date, end_date,status) values (1028, 'O4', '2018-11-22', '2021-12-10','Inprogress');
insert into hrms_employee_projects (emp_id, project_id, start_date, end_date,status) values (1024, 'FN4', '2020-11-02', '2021-10-09','Inprogress');
insert into hrms_employee_projects (emp_id, project_id, start_date, end_date,status) values (1022, 'RD8', '2020-04-24', '2021-04-01','Inprogress');
insert into hrms_employee_projects (emp_id, project_id, start_date, end_date,status) values (1021, 'O5', '2020-08-15', '2021-03-09','Inprogress');
insert into hrms_employee_projects (emp_id, project_id, start_date, end_date,status) values (1020, 'FN6', '2020-12-29', '2021-11-17','Inprogress');
insert into hrms_employee_projects (emp_id, project_id, start_date, end_date,status) values (1039, 'RD7', '2020-12-23', '2021-03-30','Complete');
insert into hrms_employee_projects (emp_id, project_id, start_date, end_date,status) values (1078, 'O8', '2018-08-11', '2021-10-04','Inprogress');
insert into hrms_employee_projects (emp_id, project_id, start_date, end_date,status) values (1085, 'A9', '2019-01-25', '2021-07-14','Inprogress');
insert into hrms_employee_projects (emp_id, project_id, start_date, end_date,status) values (1073, 'P5', '2020-08-02', '2021-11-23','Inprogress');
insert into hrms_employee_projects (emp_id, project_id, start_date, end_date,status) values (1085, 'RD5', '2020-02-19', '2021-03-04','Inprogress');
insert into hrms_employee_projects (emp_id, project_id, start_date, end_date,status) values (1025, 'RD2', '2020-01-22', '2021-03-02','Inprogress');
insert into hrms_employee_projects (emp_id, project_id, start_date, end_date,status) values (1063, 'A5', '2020-09-23', '2021-11-21','Inprogress');
insert into hrms_employee_projects (emp_id, project_id, start_date, end_date,status) values (1090, 'A5', '2020-08-03', '2021-01-11','Complete');
insert into hrms_employee_projects (emp_id, project_id, start_date, end_date,status) values (1048, 'FN5', '2020-08-17', '2021-08-28','Inprogress');
insert into hrms_employee_projects (emp_id, project_id, start_date, end_date,status) values (1071, 'O5','2020-08-24', '2020-12-26','Inprogress');
insert into hrms_employee_projects (emp_id, project_id, start_date, end_date,status) values (1093, 'P7', '2018-02-04', '2021-06-21','Inprogress');
insert into hrms_employee_projects (emp_id, project_id, start_date, end_date,status) values (1094, 'A8', '2019-09-19', '2021-04-03','Inprogress');
insert into hrms_employee_projects (emp_id, project_id, start_date, end_date,status) values (1050, 'P9', '2020-04-09', '2021-06-04','Inprogress');
insert into hrms_employee_projects (emp_id, project_id, start_date, end_date,status) values (1062, 'O6', '2020-02-23', '2021-04-19','Inprogress');
insert into hrms_employee_projects (emp_id, project_id, start_date, end_date,status) values (1066, 'RD6', '2020-04-26', '2021-03-21','Inprogress');
insert into hrms_employee_projects (emp_id, project_id, start_date, end_date,status) values (1043, 'O6', '2020-05-24', '2021-11-07','Inprogress');
insert into hrms_employee_projects (emp_id, project_id, start_date, end_date,status) values (1098, 'FN6', '2020-04-21', '2021-09-08','Inprogress');
insert into hrms_employee_projects (emp_id, project_id, start_date, end_date,status) values (1032, 'O6', '2019-07-20', '2021-10-17','Inprogress');
insert into hrms_employee_projects (emp_id, project_id, start_date, end_date,status) values (1090, 'P6', '2018-01-31', '2021-03-15','Inprogress');
insert into hrms_employee_projects (emp_id, project_id, start_date, end_date,status) values (1020, 'FN6', '2020-09-20', '2021-01-10','Inprogress');
insert into hrms_employee_projects (emp_id, project_id, start_date, end_date,status) values (1021, 'RD7', '2020-04-06', '2021-12-07','Inprogress');
insert into hrms_employee_projects (emp_id, project_id, start_date, end_date,status) values (1085, 'O6', '2020-07-11', '2021-11-24','Complete');
insert into hrms_employee_projects (emp_id, project_id, start_date, end_date,status) values (1032, 'FN9', '2018-06-01', '2020-12-22','Inprogress');
insert into hrms_employee_projects (emp_id, project_id, start_date, end_date,status) values (1054, 'A7', '2017-09-19', '2021-02-02','Inprogress');
insert into hrms_employee_projects (emp_id, project_id, start_date, end_date,status) values (1089, 'P7', '2020-10-21', '2021-04-13','Complete');
insert into hrms_employee_projects (emp_id, project_id, start_date, end_date,status) values (1056, 'O7', '2020-11-12', '2021-02-04','Inprogress');
insert into hrms_employee_projects (emp_id, project_id, start_date, end_date,status) values (1072, 'P7', '2020-11-24', '2021-05-09','Inprogress');
insert into hrms_employee_projects (emp_id, project_id, start_date, end_date,status) values (1012, 'A9', '2016-02-14', '2021-01-14','Inprogress');
insert into hrms_employee_projects (emp_id, project_id, start_date, end_dat,statuse) values (1075, 'A7', '2018-05-18', '2021-01-21','Inprogress');
insert into hrms_employee_projects (emp_id, project_id, start_date, end_date,status) values (1010, 'P7', '2014-08-04', '2020-12-15','Inprogress');
insert into hrms_employee_projects (emp_id, project_id, start_date, end_date,status) values (1089, 'FN7', '2019-02-26', '2021-02-15','Complete');
insert into hrms_employee_projects (emp_id, project_id, start_date, end_date,status) values (1012, 'RD3', '2017-09-27', '2021-06-12','Inprogress');
insert into hrms_employee_projects (emp_id, project_id, start_date, end_date,status) values (1034, 'O9', '2018-04-01', '2021-04-26','Inprogress');
insert into hrms_employee_projects (emp_id, project_id, start_date, end_date,status) values (1045, 'A8', '2020-11-16', '2021-06-13','Inprogress');
insert into hrms_employee_projects (emp_id, project_id, start_date, end_date,status) values (1063, 'FN8', '2020-03-10', '2021-11-04','Inprogress');
insert into hrms_employee_projects (emp_id, project_id, start_date, end_date,status) values (1051, 'RD8', '2020-09-01', '2021-05-10','Inprogress');
insert into hrms_employee_projects (emp_id, project_id, start_date, end_date,status) values (1043, 'O8', '2020-01-20', '2021-08-03','Inprogress');
insert into hrms_employee_projects (emp_id, project_id, start_date, end_date,status) values (1023, 'A3', '2019-07-31', '2021-10-17','Inprogress');
insert into hrms_employee_projects (emp_id, project_id, start_date, end_date,status) values (1034, 'O8', '2018-10-31', '2021-08-07','Inprogress');
insert into hrms_employee_projects (emp_id, project_id, start_date, end_date,status) values (1043, 'FN8', '2016-08-28', '2021-01-24','Inprogress');
insert into hrms_employee_projects (emp_id, project_id, start_date, end_date,status) values (1074, 'P6', '2020-10-12', '2020-12-21','Inprogress');
insert into hrms_employee_projects (emp_id, project_id, start_date, end_date,status) values (1025, 'FN8', '2020-12-10', '2021-08-12','Inprogress');
insert into hrms_employee_projects (emp_id, project_id, start_date, end_date,status) values (1031, 'FN9', '2020-04-25', '2020-12-24','Complete');
insert into hrms_employee_projects (emp_id, project_id, start_date, end_date,status) values (1039, 'O9', '2020-12-24', '2021-05-14','Inprogress');
insert into hrms_employee_projects (emp_id, project_id, start_date, end_date,status) values (1043, 'O9', '2019-05-15', '2021-05-16','Inprogress');
insert into hrms_employee_projects (emp_id, project_id, start_date, end_date,status) values (1010, 'O2', '2017-01-18', '2021-06-14','Inprogress');
insert into hrms_employee_projects (emp_id, project_id, start_date, end_date,status) values (1031, 'P3', '2018-10-07', '2021-06-26','Inprogress');
insert into hrms_employee_projects (emp_id, project_id, start_date, end_date,status) values (1082, 'FN4', '2019-06-05', '2021-06-12','Complete');
insert into hrms_employee_projects (emp_id, project_id, start_date, end_date,status) values (1094, 'RD5', '2020-10-10', '2021-05-05','Inprogress');
insert into hrms_employee_projects (emp_id, project_id, start_date, end_date,status) values (1009, 'O9', '2020-05-11', '2021-07-14','Inprogress');
insert into hrms_employee_projects (emp_id, project_id, start_date, end_date,status) values (1087, 'RD7', '2020-04-07', '2021-03-08','Complete');
insert into hrms_employee_projects (emp_id, project_id, start_date, end_date,status) values (1031, 'A8', '2019-12-23', '2021-04-10','Inprogress');
insert into hrms_employee_projects (emp_id, project_id, start_date, end_date,status) values (1029, 'FN9', '2020-02-16', '2021-04-11','Complete');
insert into hrms_employee_projects (emp_id, project_id, start_date, end_date,status) values (1006, 'RD10', '2020-04-17', '2021-05-07','Complete');


insert into hrms_employee_salary (salary_id,annual_income,emp_id,taxable,loans,insurance) values (200, $60974.69,1,'yes','no','yes');
insert into hrms_employee_salary (salary_id, annual_income,emp_id,taxable,loans,insurance) values (202, $60524.69,2,'yes','no','no');
insert into hrms_employee_salary (salary_id, annual_income,emp_id,taxable,loans,insurance) values (203, $42372.42,3,'yes','no','no');
insert into hrms_employee_salary (salary_id, annual_income,emp_id,taxable,loans,insurance) values (204, $67658.34,4,'no','no','no');
insert into hrms_employee_salary (salary_id, annual_income,emp_id,taxable,loans,insurance) values (205, $36483.05,5,'yes','yes','yes');
insert into hrms_employee_salary (salary_id, annual_income,emp_id,taxable,loans,insurance) values (206, $64801.78,6,'yes','no','yes');
insert into hrms_employee_salary (salary_id, annual_income,emp_id,taxable,loans,insurance) values (207, $48658.66,7,'yes','no','yes');
insert into hrms_employee_salary (salary_id, annual_income,emp_id,taxable,loans,insurance) values (208, $45913.83,8,'yes','no','yes');
insert into hrms_employee_salary (salary_id, annual_income,emp_id,taxable,loans,insurance) values (209, $25844.24,9,'yes','no','no');
insert into hrms_employee_salary (salary_id, annual_income,emp_id,taxable,loans,insurance) values (210, $43553.83,10,'yes','no','no');
insert into hrms_employee_salary (salary_id, annual_income,emp_id,taxable,loans,insurance) values (211, $66724.43,11,'yes','no','no');
insert into hrms_employee_salary (salary_id, annual_income,emp_id,taxable,loans,insurance) values (212, $62629.91,12'yes','no','yes');
insert into hrms_employee_salary (salary_id, annual_income,emp_id,taxable,loans,insurance) values (213, $47321.08,13,'yes','no','yes');
insert into hrms_employee_salary (salary_id, annual_income,emp_id,taxable,loans,insurance) values (214, $66250.09,14,'no','no','no');
insert into hrms_employee_salary (salary_id, annual_income,emp_id,taxable,loans,insurance) values (215, $45575.20,15,'yes','yes','yes');
insert into hrms_employee_salary (salary_id, annual_income,emp_id,taxable,loans,insurance) values (216, $40811.63,16,'yes','no','yes');
insert into hrms_employee_salary (salary_id, annual_income,emp_id,taxable,loans,insurance) values (217, $19403.69,17,'yes','no,'no');
insert into hrms_employee_salary (salary_id, annual_income,emp_id,taxable,loans,insurance) values (218, $17289.60,18,'yes','no','yes');
insert into hrms_employee_salary (salary_id, annual_income,emp_id,taxable,loans,insurance) values (219, $64640.09,19,'no','no','no');
insert into hrms_employee_salary (salary_id, annual_income,emp_id,taxable,loans,insurance) values (220, $22861.38,20,'no','no','no');
insert into hrms_employee_salary (salary_id, annual_income,emp_id,taxable,loans,insurance) values (221, $45331.81,21,'no','yes','yes');
insert into hrms_employee_salary (salary_id, annual_income,emp_id,taxable,loans,insurance) values (222, $51009.56,22,'yes','no','no');
insert into hrms_employee_salary (salary_id, annual_income,emp_id,taxable,loans,insurance) values (223, $36498.93,23,'yes','no,'no');
insert into hrms_employee_salary (salary_id, annual_income,emp_id,taxable,loans,insurance) values (224, $23310.56,24,'yes','no','yes');
insert into hrms_employee_salary (salary_id, annual_income,emp_id,taxable,loans,insurance) values (225, $15570.86,25,'no','no','no');
insert into hrms_employee_salary (salary_id, annual_income,emp_id,taxable,loans,insurance) values (226, $24009.65,26,,'yes','no','yes');
insert into hrms_employee_salary (salary_id, annual_income,emp_id,taxable,loans,insurance) values (227, $39590.35,27,'no','yes','yes');
insert into hrms_employee_salary (salary_id, annual_income,emp_id,taxable,loans,insurance) values (228, $64917.85,28,'yes','no','yes');
insert into hrms_employee_salary (salary_id, annual_income,emp_id,taxable,loans,insurance) values (229, $15161.91,29,'yes','yes','yes');
insert into hrms_employee_salary (salary_id, annual_income,emp_id,taxable,loans,insurance) values (230, $59009.23,30,'yes','no,'no');
insert into hrms_employee_salary (salary_id, annual_income,emp_id,taxable,loans,insurance) values (231, $69958.21,31,'yes','yes','yes');
insert into hrms_employee_salary (salary_id, annual_income,emp_id,taxable,loans,insurance) values (232, $35315.12,32,'yes','no,'no');
insert into hrms_employee_salary (salary_id, annual_income,emp_id,taxable,loans,insurance) values (233, $36341.15,33,'yes','no','yes');
insert into hrms_employee_salary (salary_id, annual_income,emp_id,taxable,loans,insurance) values (234, $16274.96,34,'no','no','no');
insert into hrms_employee_salary (salary_id, annual_income,emp_id,taxable,loans,insurance) values (235, $20365.15,35,'yes','no,'no');
insert into hrms_employee_salary (salary_id, annual_income,emp_id,taxable,loans,insurance) values (236, $55806.39,36,'yes','yes','yes');
insert into hrms_employee_salary (salary_id, annual_income,emp_id,taxable,loans,insurance) values (237, $61531.70,37,'yes','no','yes');
insert into hrms_employee_salary (salary_id, annual_income,emp_id,taxable,loans,insurance) values (238, $38850.50,38,'yes','no,'no');
insert into hrms_employee_salary (salary_id, annual_income,emp_id,taxable,loans,insurance) values (239, $42112.05,39,'no','no','yes');
insert into hrms_employee_salary (salary_id, annual_income,emp_id,taxable,loans,insurance) values (240, $53088.20,40,'no','no','no');
insert into hrms_employee_salary (salary_id, annual_income,emp_id,taxable,loans,insurance) values (241, $48666.28,41,'yes','no,'no');
insert into hrms_employee_salary (salary_id, annual_income,emp_id,taxable,loans,insurance) values (242, $58244.15,42,'yes','no','yes');
insert into hrms_employee_salary (salary_id, annual_income,emp_id,taxable,loans,insurance) values (243, $30828.30,43,'yes','no,'no');
insert into hrms_employee_salary (salary_id, annual_income,emp_id,taxable,loans,insurance) values (244, $31510.03,44,'yes','yes','yes');
insert into hrms_employee_salary (salary_id, annual_income,emp_id,taxable,loans,insurance) values (245, $44110.11,45,'yes','no','no');
insert into hrms_employee_salary (salary_id, annual_income,emp_id,taxable,loans,insurance) values (246, $36837.16,46,'yes','yes','yes');
insert into hrms_employee_salary (salary_id, annual_income,emp_id,taxable,loans,insurance) values (247, $28600.67,47,'yes','no','yes');
insert into hrms_employee_salary (salary_id, annual_income,emp_id,taxable,loans,insurance) values (248, $15886.04,48,'yes','yes','yes');
insert into hrms_employee_salary (salary_id, annual_income,emp_id,taxable,loans,insurance) values (249, $66085.86,49,'yes','no','no');
insert into hrms_employee_salary (salary_id, annual_income,emp_id,taxable,loans,insurance) values (250, $48155.19,50,'yes','yes','yes');
insert into hrms_employee_salary (salary_id, annual_income,emp_id,taxable,loans,insurance) values (251, $27929.75,51,'no','yes','yes');
insert into hrms_employee_salary (salary_id, annual_income,emp_id,taxable,loans,insurance) values (252, $53095.48,52,'yes','yes','yes');
insert into hrms_employee_salary (salary_id, annual_income,emp_id,taxable,loans,insurance) values (253, $18465.31,53,'yes','no','no');
insert into hrms_employee_salary (salary_id, annual_income,emp_id,taxable,loans,insurance) values (254, $38334.51,54,'yes','yes','no');
insert into hrms_employee_salary (salary_id, annual_income,emp_id,taxable,loans,insurance) values (255, $53164.61,55,'yes','no','yes');
insert into hrms_employee_salary (salary_id, annual_income,emp_id,taxable,loans,insurance) values (256, $23114.99,56,'no','yes','yes');
insert into hrms_employee_salary (salary_id, annual_income,emp_id,taxable,loans,insurance) values (257, $17023.21,57'yes','yes','yes');
insert into hrms_employee_salary (salary_id, annual_income,emp_id,taxable,loans,insurance) values (258, $37741.04,58,'yes','no','no');
insert into hrms_employee_salary (salary_id, annual_income,emp_id,taxable,loans,insurance) values (259, $53898.03,59,'yes','no','yes');
insert into hrms_employee_salary (salary_id, annual_income,emp_id,taxable,loans,insurance) values (260, $68817.86,60,'yes','yes','yes');
insert into hrms_employee_salary (salary_id, annual_income,emp_id,taxable,loans,insurance) values (261, $38584.49,61,'no','yes','yes');
insert into hrms_employee_salary (salary_id, annual_income,emp_id,taxable,loans,insurance) values (262, $15116.62,62,'yes','yes','yes');
insert into hrms_employee_salary (salary_id, annual_income,emp_id,taxable,loans,insurance) values (263, $19759.99,63,'yes','yes','no');
insert into hrms_employee_salary (salary_id, annual_income,emp_id,taxable,loans,insurance) values (264, $61847.98,64,'no','yes','yes');
insert into hrms_employee_salary (salary_id, annual_income,emp_id,taxable,loans,insurance) values (265, $22781.73,65,'no','no','no');
insert into hrms_employee_salary (salary_id, annual_income,emp_id,taxable,loans,insurance) values (266, $65367.60,66,'yes','no','yes');
insert into hrms_employee_salary (salary_id, annual_income,emp_id,taxable,loans,insurance) values (267, $50997.12,67,'no','no','no');
insert into hrms_employee_salary (salary_id, annual_income,emp_id,taxable,loans,insurance) values (268, $22996.81,68,'yes','yes','no');
insert into hrms_employee_salary (salary_id, annual_income,emp_id,taxable,loans,insurance) values (269, $55008.14,69,'no','no','no');
insert into hrms_employee_salary (salary_id, annual_income,emp_id,taxable,loans,insurance) values (270, $16956.44,70,'no','yes','no');
insert into hrms_employee_salary (salary_id, annual_income,emp_id,taxable,loans,insurance) values (271, $51551.20,71,'yes','no','no');
insert into hrms_employee_salary (salary_id, annual_income,emp_id,taxable,loans,insurance) values (272, $20833.39,72,'yes','no','yes');
insert into hrms_employee_salary (salary_id, annual_income,emp_id,taxable,loans,insurance) values (273, $54786.50,73,'no','no','no');
insert into hrms_employee_salary (salary_id, annual_income,emp_id,taxable,loans,insurance) values (274, $22037.03,74,'no','yes','yes');
insert into hrms_employee_salary (salary_id, annual_income,emp_id,taxable,loans,insurance) values (275, $25025.38,75,'no','no','no');
insert into hrms_employee_salary (salary_id, annual_income,emp_id,taxable,loans,insurance) values (276, $18578.27,76,'no','no','yes');
insert into hrms_employee_salary (salary_id, annual_income,emp_id,taxable,loans,insurance) values (277, $36273.99,77'yes','no','no');
insert into hrms_employee_salary (salary_id, annual_income,emp_id,taxable,loans,insurance) values (278, $62412.89,78,'no','yes','yes');
insert into hrms_employee_salary (salary_id, annual_income,emp_id,taxable,loans,insurance) values (279, $25165.19,79,'yes','no','no');
insert into hrms_employee_salary (salary_id, annual_income,emp_id,taxable,loans,insurance) values (280, $15935.26,80,'no','no','no');
insert into hrms_employee_salary (salary_id, annual_income,emp_id,taxable,loans,insurance) values (281, $42552.72,81,'yes','no','yes');
insert into hrms_employee_salary (salary_id, annual_income,emp_id,taxable,loans,insurance) values (282, $46113.50,82,'no','no','no');
insert into hrms_employee_salary (salary_id, annual_income,emp_id,taxable,loans,insurance) values (283, $61526.49,83,'no','no','no');
insert into hrms_employee_salary (salary_id, annual_income,emp_id,taxable,loans,insurance) values (284, $65644.59,84,'yes','no','yes');
insert into hrms_employee_salary (salary_id, annual_income,emp_id,taxable,loans,insurance) values (285, $27093.59,85,'yes','yes','no');
insert into hrms_employee_salary (salary_id, annual_income,emp_id,taxable,loans,insurance) values (286, $40169.53,86,'no','no','no');
insert into hrms_employee_salary (salary_id, annual_income,emp_id,taxable,loans,insurance) values (287, $27576.65,87,'no','no','no');
insert into hrms_employee_salary (salary_id, annual_income,emp_id,taxable,loans,insurance) values (288, $45111.24,88,'no','no','yes');
insert into hrms_employee_salary (salary_id, annual_income,emp_id,taxable,loans,insurance) values (289, $34534.21,89,'yes','no','yes');
insert into hrms_employee_salary (salary_id, annual_income,emp_id,taxable,loans,insurance) values (290, $40964.87,90,'yes','no','no');
insert into hrms_employee_salary (salary_id, annual_income,emp_id,taxable,loans,insurance) values (291, $38494.94,91,'no','no','no');
insert into hrms_employee_salary (salary_id, annual_income,emp_id,taxable,loans,insurance) values (292, $64947.68,92,'no','yes','no');
insert into hrms_employee_salary (salary_id, annual_income,emp_id,taxable,loans,insurance) values (293, $53613.95,93,'yes','no','yes');
insert into hrms_employee_salary (salary_id, annual_income,emp_id,taxable,loans,insurance) values (294, $17214.30,94,'yes','no','no');
insert into hrms_employee_salary (salary_id, annual_income,emp_id,taxable,loans,insurance) values (295, $66448.52,95,'no','no','no');
insert into hrms_employee_salary (salary_id, annual_income,emp_id,taxable,loans,insurance) values (296, $69270.28,96,'yes','no','yes');
insert into hrms_employee_salary (salary_id, annual_income,emp_id,taxable,loans,insurance) values (297, $42467.08,97,'no','no','no');
insert into hrms_employee_salary (salary_id, annual_income,emp_id,taxable,loans,insurance) values (298, $66094.03,98,'yes','no','yes');
insert into hrms_employee_salary (salary_id, annual_income,emp_id,taxable,loans,insurance) values (299, $67102.23,99,'no','no','no');
insert into hrms_employee_salary (salary_id, annual_income,emp_id,taxable,loans,insurance) values (300,$42123.90,100,'yes','no','yes');










insert into hrms_employee_trainings (training_id, emp_id, skill_id, skills,trainings_completed) values (4001, 1103, 6099, 'Sports Play-by-play','yes');
insert into hrms_employee_trainings (training_id, emp_id, skill_id, skills,trainings_completed) values (4002, 1029, 6074, 'Performance Appraisal','no');
insert into hrms_employee_trainings (training_id, emp_id, skill_id, skills,trainings_completed) values (4003, 1065, 6021, 'Accounting','yes');
insert into hrms_employee_trainings (training_id, emp_id, skill_id, skills,trainings_completed) values (4004, 1050, 6047, 'Print On Demand','yes');
insert into hrms_employee_trainings (training_id, emp_id, skill_id, skills,trainings_completed) values (4005, 1010,6034, 'AAAHC','yes');
insert into hrms_employee_trainings (training_id, emp_id, skill_id, skills,trainings_completed) values (4006, 1095, 6064, 'Equity Derivatives','yes');
insert into hrms_employee_trainings (training_id, emp_id, skill_id, skills,trainings_completed) values (4007, 1045,6021, 'YAML','yes');
insert into hrms_employee_trainings (training_id, emp_id, skill_id, skills,trainings_completed) values (4008, 1008, 6098, 'Multi-Unit','no');
insert into hrms_employee_trainings (training_id, emp_id, skill_id, skills,trainings_completed) values (4009, 1065, 6009, 'HP Openview','no');
insert into hrms_employee_trainings (training_id, emp_id, skill_id, skills,trainings_completed) values (4010, 1018,6053, 'Mysticism','yes');
insert into hrms_employee_trainings (training_id, emp_id, skill_id, skills,trainings_completed) values (4011, 1040,6061, 'White Papers','yes');
insert into hrms_employee_trainings (training_id, emp_id, skill_id, skillstrainings_completed) values  (4012,1084,6042, 'Secretarial Skills','no');
insert into hrms_employee_trainings (training_id, emp_id, skill_id, skills,trainings_completed) values (4013, 1033,6091, 'Customer services','no');
insert into hrms_employee_trainings (training_id, emp_id, skill_id, skills,trainings_completed) values (4014, 1043,6030, 'KDE','yes');
insert into hrms_employee_trainings (training_id, emp_id, skill_id, skillstrainings_completed) values  (4015, 1064,6041, 'Customer Experience','yes');
insert into hrms_employee_trainings (training_id, emp_id, skill_id, skills,trainings_completed) values (4016, 1076, 6016, 'Lubrication','yes');
insert into hrms_employee_trainings (training_id, emp_id, skill_id, skills,trainings_completed) values (4017, 1100,6052, 'JCAPS','no');
insert into hrms_employee_trainings (training_id, emp_id, skill_id, skills,trainings_completed) values (4018, 1016, 6074, 'Accounting','no');
insert into hrms_employee_trainings (training_id, emp_id, skill_id, skills,trainings_completed) values (4019, 1082,6058, 'SIP','yes');
insert into hrms_employee_trainings (training_id, emp_id, skill_id, skillstrainings_completed) values  (4020, 1009,6071, 'Job Search Strategies','yes');
insert into hrms_employee_trainings (training_id, emp_id, skill_id, skills,trainings_completed) values (4021, 1032,6043, 'DC Operations','yes');
insert into hrms_employee_trainings (training_id, emp_id, skill_id, skills,trainings_completed) values (4022, 1054,6090, 'TS2','no');
insert into hrms_employee_trainings (training_id, emp_id, skill_id, skills,trainings_completed) values (4023, 1020,6051, 'iOS Design','no');
insert into hrms_employee_trainings (training_id, emp_id, skill_id, skills,trainings_completed) values (4024, 1024,6039, 'Estimates','yes');
insert into hrms_employee_trainings (training_id, emp_id, skill_id, skills,trainings_completed) values (4025, 1097,6071, 'Econometrics','no');
insert into hrms_employee_trainings (training_id, emp_id, skill_id, skills,trainings_completed) values (4026, 1056,6021, 'IATA','yes');
insert into hrms_employee_trainings (training_id, emp_id, skill_id, skills,trainings_completed) values (4027, 1021,6020, 'HCS12','no');
insert into hrms_employee_trainings (training_id, emp_id, skill_id, skills,trainings_completed) values (4028, 1066,6043, 'GHP','yes');
insert into hrms_employee_trainings (training_id, emp_id, skill_id, skills,trainings_completed) values (4029, 1032,6083, 'Numerical Simulation','yes');
insert into hrms_employee_trainings (training_id, emp_id, skill_id, skills,trainings_completed) values (4030, 1012,6084, 'International Humanitarian Law','no');
insert into hrms_employee_trainings (training_id, emp_id, skill_id, skills,trainings_completed) values (4031,1075,6043, 'Customer Services','yes');
insert into hrms_employee_trainings (training_id, emp_id, skill_id, skills,trainings_completed) values (4032, 1041, 6064, 'Accounting','no');
insert into hrms_employee_trainings (training_id, emp_id, skill_id, skills,trainings_completed) values (4033, 1021,6084, 'MXP','yes');
insert into hrms_employee_trainings (training_id, emp_id, skill_id, skills,trainings_completed) values (4034, 1023, 6039, 'Shell','no');
insert into hrms_employee_trainings (training_id, emp_id, skill_id, skills,trainings_completed) values (4035,1077 ,6030, 'Perl','yes');
insert into hrms_employee_trainings (training_id, emp_id, skill_id, skills,trainings_completed) values (4036,1065,6020, 'Scripting','yes');
insert into hrms_employee_trainings (training_id, emp_id, skill_id, skills,trainings_completed) values (4037,1020,6034, 'TCPA','no');
insert into hrms_employee_trainings (training_id, emp_id, skill_id, skills,trainings_completed) values (4038, 1054,6076, 'Leadership','yes');
insert into hrms_employee_trainings (training_id, emp_id, skill_id, skills,trainings_completed) values (4039, 1022,6031, 'Quantitative Analytics','no');
insert into hrms_employee_trainings (training_id, emp_id, skill_id, skills,trainings_completed) values (4040, 1040,6032, 'Bash','yes');
insert into hrms_employee_trainings (training_id, emp_id, skill_id, skills,trainings_completed) values (4041, 1100,6094, 'Venipuncture','no');
insert into hrms_employee_trainings (training_id, emp_id, skill_id, skills,trainings_completed) values (4042, 1023, 6075, 'GxP','yes');
insert into hrms_employee_trainings (training_id, emp_id, skill_id, skills,trainings_completed) values (4043, 1021, 6079, 'DMF','no');
insert into hrms_employee_trainings (training_id, emp_id, skill_id, skills,trainings_completed) values (4044, 1065, 6090, 'Accounting','no');
insert into hrms_employee_trainings (training_id, emp_id, skill_id, skills,trainings_completed) values (4045, 1021,6076, 'Reality TV','yes);
insert into hrms_employee_trainings (training_id, emp_id, skill_id, skills,trainings_completed) values (4046,1031,6066, 'Troubleshooting','no');
insert into hrms_employee_trainings (training_id, emp_id, skill_id, skills,trainings_completed) values (4047,1043,6054, 'UK Corporation Tax','no');
insert into hrms_employee_trainings (training_id, emp_id, skill_id, skills,trainings_completed) values (4048, 1071,6022, 'Workers Compensation','no');
insert into hrms_employee_trainings (training_id, emp_id, skill_id, skills,trainings_completed) values (4049,1019,6063, 'Administrative Law','no');
insert into hrms_employee_trainings (training_id, emp_id, skill_id, skills,trainings_completed) values (4050,1027,6021, 'CBOT','yes');
insert into hrms_employee_trainings (training_id, emp_id, skill_id, skills,trainings_completed) values (4051,1076,6015, 'eGaming','no');
insert into hrms_employee_trainings (training_id, emp_id, skill_id, skills,trainings_completed) values (4052,1065,6024, 'MCH','yes');
insert into hrms_employee_trainings (training_id, emp_id, skill_id, skills,trainings_completed) values (4053, 1043,6066, 'Tax','yes');
insert into hrms_employee_trainings (training_id, emp_id, skill_id, skills,trainings_completed) values (4054, 1098,6087, 'Accounting','no');
insert into hrms_employee_trainings (training_id, emp_id, skill_id, skills,trainings_completed) values (4055, 1100, 6001, 'Geometric Dimensioning Tolerancing','no');
insert into hrms_employee_trainings (training_id, emp_id, skill_id, skills,trainings_completed) values (4056, 1077, 6007, 'FTP software','yes');
insert into hrms_employee_trainings (training_id, emp_id, skill_id, skills,trainings_completed) values (4057, 1088, 6009, 'SGSN','no');
insert into hrms_employee_trainings (training_id, emp_id, skill_id, skills,trainings_completed) values (4058, 1001, 6054, 'Utilities','yes');
insert into hrms_employee_trainings (training_id, emp_id, skill_id, skills,trainings_completed) values (4059, 1009, 6053, 'DBUnit','no');
insert into hrms_employee_trainings (training_id, emp_id, skill_id, skills,trainings_completed) values (4060, 1053, 6069, 'PCI DSS','yes');
insert into hrms_employee_trainings (training_id, emp_id, skill_id, skills,trainings_completed) values (4061, 1069, 6087, 'RFP Generation','no');
insert into hrms_employee_trainings (training_id, emp_id, skill_id, skills,trainings_completed) values (4062, 1065, 6068, 'SBA','yes');
insert into hrms_employee_trainings (training_id, emp_id, skill_id, skills,trainings_completed) values (4063, 1085, 6100, 'Non-profit Volunteering','no');
insert into hrms_employee_trainings (training_id, emp_id, skill_id, skills,trainings_completed) values (4064, 1074, 6032, 'Microsoft Dynamics GP','yes');
insert into hrms_employee_trainings (training_id, emp_id, skill_id, skills,trainings_completed) values (4065, 1063, 6044, 'New Home Sales','no');
insert into hrms_employee_trainings (training_id, emp_id, skill_id, skills,trainings_completed) values (4066, 1052, 6080, 'EPCM','yes');
insert into hrms_employee_trainings (training_id, emp_id, skill_id, skills,trainings_completed) values (4067, 1041, 6098, 'Zoning','no');
insert into hrms_employee_trainings (training_id, emp_id, skill_id, skills,trainings_completed) values (4068, 1021, 6095, 'PTMS','no');
insert into hrms_employee_trainings (training_id, emp_id, skill_id, skills,trainings_completed) values (4069, 1055, 6023, 'BCMS','yes');
insert into hrms_employee_trainings (training_id, emp_id, skill_id, skills,trainings_completed) values (4070, 1056, 6043, 'Nuclear','no');
insert into hrms_employee_trainings (training_id, emp_id, skill_id, skills,trainings_completed) values (4071, 1098,6100, 'CNN Newsource','yes');
insert into hrms_employee_trainings (training_id, emp_id, skill_id, skills,trainings_completed) values (4072, 1027,6034, 'IBM Tivoli','no');
insert into hrms_employee_trainings (training_id, emp_id, skill_id, skills,trainings_completed) values (4073, 1024,6089, 'UFC','yes');
insert into hrms_employee_trainings (training_id, emp_id, skill_id, skills,trainings_completed) values (4074, 1089,6035, 'IHE','yes');
insert into hrms_employee_trainings (training_id, emp_id, skill_id, skills,trainings_completed) values (4075, 1019, 6055, 'PTT','no');
insert into hrms_employee_trainings (training_id, emp_id, skill_id, skills,trainings_completed) values (4076, 1032, 6087, 'LDAR','yes');
insert into hrms_employee_trainings (training_id, emp_id, skill_id, skills,trainings_completed) values (4077, 1098, 6043, 'DLPAR','yes');
insert into hrms_employee_trainings (training_id, emp_id, skill_id, skills,trainings_completed) values (4078, 1046, 6087, 'Microchip PIC','no');
insert into hrms_employee_trainings (training_id, emp_id, skill_id, skills,trainings_completed) values (4079, 1031, 6058, 'Eagle PCB','no');
insert into hrms_employee_trainings (training_id, emp_id, skill_id, skills,trainings_completed) values (4080, 1078, 6032, 'Cement','yes');
insert into hrms_employee_trainings (training_id, emp_id, skill_id, skills,trainings_completed) values (4081, 1099, 6078, 'GPS Applications','no');
insert into hrms_employee_trainings (training_id, emp_id, skill_id, skills,trainings_completed) values (4082, 1029, 6032, 'Powder X-ray Diffraction','yes');
insert into hrms_employee_trainings (training_id, emp_id, skill_id, skills,trainings_completed) values (4083, 1065, 6035, 'Sap Fm','no');
insert into hrms_employee_trainings (training_id, emp_id, skill_id, skills,trainings_completed) values (4084, 1032, 6044, 'Air Quality','yes');
insert into hrms_employee_trainings (training_id, emp_id, skill_id, skills,trainings_completed) values (4085, 1026,6060, 'iOS Design','no');
insert into hrms_employee_trainings (training_id, emp_id, skill_id, skills,trainings_completed) values (4086, 1032,6041, 'HSE Management Systems','yes');
insert into hrms_employee_trainings (training_id, emp_id, skill_id, skills,trainings_completed) values (4087, 1045,6070, 'ZoomInfo','yes');
insert into hrms_employee_trainings (training_id, emp_id, skill_id, skills,trainings_completed) values (4088, 1014, 6032, 'Trail Running','no');
insert into hrms_employee_trainings (training_id, emp_id, skill_id, skills,trainings_completed) values (4089, 1054, 6076, 'Urban Infill','yes');
insert into hrms_employee_trainings (training_id, emp_id, skill_id, skills,trainings_completed) values (4090, 1080, 6041, 'SnagIt','yes');
insert into hrms_employee_trainings (training_id, emp_id, skill_id, skills,trainings_completed) values (4091, 1064,6050, 'RTL Design','no');
insert into hrms_employee_trainings (training_id, emp_id, skill_id, skills,trainings_completed) values (4092, 1046, 6023, 'FMA','yes');
insert into hrms_employee_trainings (training_id, emp_id, skill_id, skills,trainings_completed) values (4093, 1039, 6066, 'Wireless','no');
insert into hrms_employee_trainings (training_id, emp_id, skill_id, skills,trainings_completed) values (4094, 1080,6012, 'Character Animation','no');
insert into hrms_employee_trainings (training_id, emp_id, skill_id, skills,trainings_completed) values (4095, 1080,6051, 'Nanofabrication','no');
insert into hrms_employee_trainings (training_id, emp_id, skill_id, skills,trainings_completed) values (4096, 1061, 6065, 'CTF','yes');
insert into hrms_employee_trainings (training_id, emp_id, skill_id, skills,trainings_completed) values (4097, 1042,6091, 'DDI','no');
insert into hrms_employee_trainings (training_id, emp_id, skill_id, skills,trainings_completed) values (4098, 1087, 6054, 'Galleries','yes');
insert into hrms_employee_trainings (training_id, emp_id, skill_id, skills,trainings_completed) values (4099, 1069,6043, 'PFI','no');
insert into hrms_employee_trainings (training_id, emp_id, skill_id, skills,trainings_completed) values (4100, 1076,6065, 'Sybase SQL Anywhere','yes');










insert into hrms_employee_attendance (attendance_id, emp_id, time_in , time_out, remarks) values (9001,1011, '10:32 AM', '2:06 PM','personal');
insert into hrms_employee_attendance (attendance_id, emp_id, time_in , time_out,remarks) values (9002, 1042, '9:58 AM', '3:38 PM','personal');
insert into hrms_employee_attendance (attendance_id, emp_id, time_in , time_out,remarks) values (9003, 1073, '9:14 AM', '4:34 PM','not well');
insert into hrms_employee_attendance (attendance_id, emp_id, time_in , time_out,remarks) values (9004, 1064, '10:00 AM', '7:00 PM','N/A');
insert into hrms_employee_attendance (attendance_id, emp_id, time_in , time_out,remarks) values (9005, 1095, '11:17 AM', '1:11 PM','personal');
insert into hrms_employee_attendance (attendance_id, emp_id, time_in , time_out,remarks) values (9006, 1036, '9:14 AM', '7:01 PM','not well');
insert into hrms_employee_attendance (attendance_id, emp_id, time_in , time_out,remarks) values (9007,1027, '10:27 AM', '3:20 PM','personal');
insert into hrms_employee_attendance (attendance_id, emp_id, time_in , time_out,remarks) values (9008, 1008, '9:28 AM', '2:43 PM','not well');
insert into hrms_employee_attendance (attendance_id, emp_id, time_in , time_out,remarks) values (9009, 1049, '9:27 AM', '4:27 PM','N/A');
insert into hrms_employee_attendance (attendance_id, emp_id, time_in , time_out,remarks) values (9010, 1054, '10:13 AM', '6:22 PM','personal');
insert into hrms_employee_attendance (attendance_id, emp_id, time_in , time_out,remarks) values (9011, 1032, '11:25 AM', '1:27 PM','not well');
insert into hrms_employee_attendance (attendance_id, emp_id, time_in , time_out,remarks) values (9012, 1055, '11:08 AM', '6:03 PM','N/A');
insert into hrms_employee_attendance (attendance_id, emp_id, time_in , time_out,remarks) values (9013, 1023, '10:20 AM', '6:18 PM','N/A');
insert into hrms_employee_attendance (attendance_id, emp_id, time_in , time_out,remarks) values (9014, 1065, '10:00 AM', '6:21 PM','not well');
insert into hrms_employee_attendance (attendance_id, emp_id, time_in , time_out,remarks) values (9015, 1021, '11:42 AM', '1:44 PM','personal');
insert into hrms_employee_attendance (attendance_id, emp_id, time_in , time_out,remarks) values (9016, 1043, '10:38 AM', '5:20 PM','not well');
insert into hrms_employee_attendance (attendance_id, emp_id, time_in , time_out,remarks) values (9017, 1087, '10:18 AM', '2:53 PM','not well');
insert into hrms_employee_attendance (attendance_id, emp_id, time_in , time_out,remarks) values (9018, 1098, '9:35 AM', '1:51 PM','not well');
insert into hrms_employee_attendance (attendance_id, emp_id, time_in , time_out,remarks) values (9019, 1043, '10:53 AM', '6:42 PM','personal');
insert into hrms_employee_attendance (attendance_id, emp_id, time_in , time_out,remarks) values (9020, 1012, '10:38 AM', '4:11 PM','not well');
insert into hrms_employee_attendance (attendance_id, emp_id, time_in , time_out,remarks) values (9021, 1087, '9:24 AM', '2:29 PM','personal');
insert into hrms_employee_attendance (attendance_id, emp_id, time_in , time_out,remarks) values (9022, 1089, '9:25 AM', '4:09 PM','not well');
insert into hrms_employee_attendance (attendance_id, emp_id, time_in , time_out,remarks) values (9023, 1100, '10:59 AM', '2:18 PM','N/A');
insert into hrms_employee_attendance (attendance_id, emp_id, time_in , time_out,remarks) values (9024, 1054, '9:22 AM', '7:41 PM','personal');
insert into hrms_employee_attendance (attendance_id, emp_id, time_in , time_out,remarks) values (9025, 1043, '11:51 AM', '1:25 PM','N/A');
insert into hrms_employee_attendance (attendance_id, emp_id, time_in , time_out,remarks) values (9026, 1065, '10:10 AM', '7:32 PM','personal');
insert into hrms_employee_attendance (attendance_id, emp_id, time_in , time_out,remarks) values (9027, 1089, '11:20 AM', '7:29 PM','not well');
insert into hrms_employee_attendance (attendance_id, emp_id, time_in , time_out,remarks) values (9028, 1043, '11:48 AM', '3:26 PM','personal');
insert into hrms_employee_attendance (attendance_id, emp_id, time_in , time_out,remarks) values (9029, 1021, '11:54 AM', '5:15 PM','N/A');
insert into hrms_employee_attendance (attendance_id, emp_id, time_in , time_out,remarks) values (9030, 1089, '9:34 AM', '2:09 PM','personal');
insert into hrms_employee_attendance (attendance_id, emp_id, time_in , time_out,remarks) values (9031, 1045, '9:49 AM', '2:07 PM','not well');
insert into hrms_employee_attendance (attendance_id, emp_id, time_in , time_out,remarks) values (9032, 1032, '9:22 AM', '3:22 PM','N/A');
insert into hrms_employee_attendance (attendance_id, emp_id, time_in , time_out,remarks) values (9033, 1065, '9:09 AM', '1:22 PM','not well');
insert into hrms_employee_attendance (attendance_id, emp_id, time_in , time_out,remarks) values (9034, 1065, '11:14 AM', '6:40 PM','N/A');
insert into hrms_employee_attendance (attendance_id, emp_id, time_in , time_out,remarks) values (9035, 1029, '9:10 AM', '4:53 PM','personal');
insert into hrms_employee_attendance (attendance_id, emp_id, time_in , time_out,remarks) values (9036, 1089, '10:53 AM', '7:28 PM','not well');
insert into hrms_employee_attendance (attendance_id, emp_id, time_in , time_out,remarks) values (9037, 1043, '9:23 AM', '2:05 PM','N/A');
insert into hrms_employee_attendance (attendance_id, emp_id, time_in , time_out,remarks) values (9038, 1087, '11:41 AM', '2:15 PM','not well');
insert into hrms_employee_attendance (attendance_id, emp_id, time_in , time_out,remarks) values (9039, 1067, '11:16 AM', '4:30 PM','N/A');
insert into hrms_employee_attendance (attendance_id, emp_id, time_in , time_out,remarks) values (9040, 1054, '11:04 AM', '4:40 PM','not well');
insert into hrms_employee_attendance (attendance_id, emp_id, time_in , time_out,remarks) values (9041, 1032, '10:38 AM', '4:20 PM','N/A');
insert into hrms_employee_attendance (attendance_id, emp_id, time_in , time_out,remarks) values (9042, 1098, '9:26 AM', '3:42 PM','not well');
insert into hrms_employee_attendance (attendance_id, emp_id, time_in , time_out,remarks) values (9043, 1021, '9:15 AM', '7:44 PM','N/A');
insert into hrms_employee_attendance (attendance_id, emp_id, time_in , time_out,remarks) values (9044, 1063, '9:14 AM', '2:12 PM','not well');
insert into hrms_employee_attendance (attendance_id, emp_id, time_in , time_out,remarks) values (9045, 1100, '10:47 AM', '3:56 PM','N/A');
insert into hrms_employee_attendance (attendance_id, emp_id, time_in , time_out,remarks) values (9046, 1021, '10:19 AM', '7:36 PM','personal');
insert into hrms_employee_attendance (attendance_id, emp_id, time_in , time_out,remarks) values (9047, 1067, '11:57 AM', '5:48 PM','N/A');
insert into hrms_employee_attendance (attendance_id, emp_id, time_in , time_out,remarks) values (9048, 1071, '10:01 AM', '7:25 PM','personal');
insert into hrms_employee_attendance (attendance_id, emp_id, time_in , time_out,remarks) values (9049, 1015, '11:44 AM', '7:28 PM','not well');
insert into hrms_employee_attendance (attendance_id, emp_id, time_in , time_out,remarks) values (9050, 1020, '9:17 AM', '6:20 PM','N/A');
insert into hrms_employee_attendance (attendance_id, emp_id, time_in , time_out,remarks) values (9051, 1031, '9:36 AM', '1:58 PM','personal');
insert into hrms_employee_attendance (attendance_id, emp_id, time_in , time_out,remarks) values (9052, 1098, '10:22 AM', '2:53 PM','not well');
insert into hrms_employee_attendance (attendance_id, emp_id, time_in , time_out,remarks) values (9053, 1043, '11:58 AM', '2:11 PM','personal');
insert into hrms_employee_attendance (attendance_id, emp_id, time_in , time_out,remarks) values (9054, 1029, '10:09 AM', '3:46 PM','not well');
insert into hrms_employee_attendance (attendance_id, emp_id, time_in , time_out,remarks) values (9055, 1087, '9:59 AM', '7:51 PM','N/A');
insert into hrms_employee_attendance (attendance_id, emp_id, time_in , time_out,remarks) values (9056, 1098, '9:23 AM', '3:00 PM','not well');
insert into hrms_employee_attendance (attendance_id, emp_id, time_in , time_out,remarks) values (9057, 1043, '10:52 AM', '7:33 PM','N/A');
insert into hrms_employee_attendance (attendance_id, emp_id, time_in , time_out,remarks) values (9058, 1023, '10:34 AM', '5:14 PM','not well');
insert into hrms_employee_attendance (attendance_id, emp_id, time_in , time_out,remarks) values (9059, 1054, '9:27 AM', '7:24 PM','N/A');
insert into hrms_employee_attendance (attendance_id, emp_id, time_in , time_out,remarks) values (9060, 1023, '10:58 AM', '1:39 PM','not well');
insert into hrms_employee_attendance (attendance_id, emp_id, time_in , time_out,remarks) values (9061, 1015, '9:54 AM', '2:58 PM','N/A');
insert into hrms_employee_attendance (attendance_id, emp_id, time_in , time_out,remarks) values (9062, 1019, '10:50 AM', '7:31 PM','personal');
insert into hrms_employee_attendance (attendance_id, emp_id, time_in , time_out,remarks) values (9063, 1068, '9:14 AM', '2:08 PM','not well');
insert into hrms_employee_attendance (attendance_id, emp_id, time_in , time_out,remarks) values (9064, 1054, '11:20 AM', '2:49 PM','N/A');
insert into hrms_employee_attendance (attendance_id, emp_id, time_in , time_out,remarks) values (9065, 1032, '9:06 AM', '2:33 PM','not well');
insert into hrms_employee_attendance (attendance_id, emp_id, time_in , time_out,remarks) values (9066, 1023, '10:47 AM', '3:36 PM','N/A');
insert into hrms_employee_attendance (attendance_id, emp_id, time_in , time_out,remarks) values (9067, 1098, '9:17 AM', '5:30 PM','not well');
insert into hrms_employee_attendance (attendance_id, emp_id, time_in , time_out,remarks) values (9068, 1032, '10:52 AM', '7:09 PM','N/A');
insert into hrms_employee_attendance (attendance_id, emp_id, time_in , time_out,remarks) values (9069, 1060, '10:46 AM', '3:33 PM','not well');
insert into hrms_employee_attendance (attendance_id, emp_id, time_in , time_out,remarks) values (9070, 1043, '11:16 AM', '5:59 PM','N/A');
insert into hrms_employee_attendance (attendance_id, emp_id, time_in , time_out,remarks) values (9071, 1021, '11:38 AM', '6:34 PM','not well');
insert into hrms_employee_attendance (attendance_id, emp_id, time_in , time_out,remarks) values (9072, 1056, '11:51 AM', '7:57 PM','N/A');
insert into hrms_employee_attendance (attendance_id, emp_id, time_in , time_out,remarks) values (9073, 1076, '11:47 AM', '7:59 PM','not well');
insert into hrms_employee_attendance (attendance_id, emp_id, time_in , time_out,remarks) values (9074, 1032, '9:01 AM', '5:22 PM','N/A');
insert into hrms_employee_attendance (attendance_id, emp_id, time_in , time_out,remarks) values (9075, 1021, '10:21 AM', '4:45 PM',not well');
insert into hrms_employee_attendance (attendance_id, emp_id, time_in , time_out,remarks) values (9076, 1090, '11:35 AM', '3:07 PM','N/A');
insert into hrms_employee_attendance (attendance_id, emp_id, time_in , time_out,remarks) values (9077, 1043, '9:08 AM', '1:35 PM','not well');
insert into hrms_employee_attendance (attendance_id, emp_id, time_in , time_out,remarks) values (9078, 1050, '9:53 AM', '3:46 PM','personal');
insert into hrms_employee_attendance (attendance_id, emp_id, time_in , time_out,remarks) values (9079, 1100, '10:01 AM', '1:18 PM,'N/A');
insert into hrms_employee_attendance (attendance_id, emp_id, time_in , time_out,remarks) values (9080, 1076, '11:07 AM', '4:11 PM','not well');
insert into hrms_employee_attendance (attendance_id, emp_id, time_in , time_out,remarks) values (9081, 1100, '9:30 AM', '3:32 PM','personal');
insert into hrms_employee_attendance (attendance_id, emp_id, time_in , time_out,remarks) values (9082, 1043, '11:24 AM', '3:13 PM','N/A');
insert into hrms_employee_attendance (attendance_id, emp_id, time_in , time_out,remarks) values (9083, 1029, '11:53 AM', '1:56 PM','not well');
insert into hrms_employee_attendance (attendance_id, emp_id, time_in , time_out,remarks) values (9084, 1065, '9:01 AM', '6:07 PM','personal');
insert into hrms_employee_attendance (attendance_id, emp_id, time_in , time_out,remarks) values (9085, 1032, '11:00 AM', '7:01 PM','N/A');
insert into hrms_employee_attendance (attendance_id, emp_id, time_in , time_out,remarks) values (9086, 1043, '9:58 AM', '6:57 PM','personal');
insert into hrms_employee_attendance (attendance_id, emp_id, time_in , time_out,remarks) values (9087, 1032, '9:00 AM', '5:26 PM','not well');
insert into hrms_employee_attendance (attendance_id, emp_id, time_in , time_out,remarks) values (9088, 1065, '9:47 AM', '4:58 PM','N/A');
insert into hrms_employee_attendance (attendance_id, emp_id, time_in , time_out,remarks) values (9089, 1043, '11:03 AM', '5:39 PM','not well');
insert into hrms_employee_attendance (attendance_id, emp_id, time_in , time_out,remarks) values (9090, 1098, '10:37 AM', '6:16 PM','N/A');
insert into hrms_employee_attendance (attendance_id, emp_id, time_in , time_out,remarks) values (9091, 1034, '11:06 AM', '3:15 PM','personal');
insert into hrms_employee_attendance (attendance_id, emp_id, time_in , time_out,remarks) values (9092, 1027, '11:37 AM', '6:04 PM','not well');
insert into hrms_employee_attendance (attendance_id, emp_id, time_in , time_out,remarks) values (9093, 1089, '10:50 AM', '7:14 PM','N/A');
insert into hrms_employee_attendance (attendance_id, emp_id, time_in , time_out,remarks) values (9094, 1020, '10:46 AM', '2:26 PM','not well');
insert into hrms_employee_attendance (attendance_id, emp_id, time_in , time_out,remarks) values (9095, 1050, '11:03 AM', '3:10 PM','N/A');
insert into hrms_employee_attendance (attendance_id, emp_id, time_in , time_out,remarks) values (9096, 1042, '11:19 AM', '5:50 PM','not well');
insert into hrms_employee_attendance (attendance_id, emp_id, time_in , time_out,remarks) values (9097, 1051, '10:27 AM', '5:04 PM,'N/A');
insert into hrms_employee_attendance (attendance_id, emp_id, time_in , time_out,remarks) values (9098, 1039, '11:17 AM', '5:41 PM','not well);
insert into hrms_employee_attendance (attendance_id, emp_id, time_in , time_out,remarks) values (9099, 1020, '11:40 AM', '6:21 PM','N/A');
insert into hrms_employee_attendance (attendance_id, emp_id, time_in , time_out,remarks) values (9100, 1050, '9:08 AM', '1:01 PM','not well');










insert into skills (skill_id, skills, skill_level) values (6001, 'Signal Processing','Beginner');
insert into skills (skill_id, skills, skill_level) values (6002, 'Talent Management','Intermediate');
insert into skills (skill_id, skills, skill_level) values (6003, 'Fine Dining','Intermediate');
insert into skills (skill_id, skills, skill_level) values (6004, 'DMX','Beginner');
insert into skills (skill_id, skills, skill_level) values (6005, 'Loans','Intermediate');
insert into skills (skill_id, skills, skill_level) values (6006, 'Custom CMS Development','Beginner');
insert into skills (skill_id, skills, skill_level) values (6007, 'EJB','Intermediate');
insert into skills (skill_id, skills, skill_level) values (6008, 'DSM-IV','Beginner');
insert into skills (skill_id, skills, skill_level) values (6009, 'Whole Life','Intermediate');
insert into skills (skill_id, skills, skill_level) values (6010, 'Overhaul','Intermediate');
insert into skills (skill_id, skills, skill_level) values (6011, 'Dynamics','Beginner');
insert into skills (skill_id, skills, skill_level) values (6012, 'HP Service Manager','Beginner');
insert into skills (skill_id, skills, skill_level) values (6013, 'Data Management','Intermediate');
insert into skills (skill_id, skills, skill_level) values (6014, 'RPM','Beginner');
insert into skills (skill_id, skills, skill_level) values (6015, 'Kundalini','Intermediate');
insert into skills (skill_id, skills, skill_level) values (6016, 'PTF','Intermediate');
insert into skills (skill_id, skills, skill_level) values (6017, 'New Urbanism','Beginner');
insert into skills (skill_id, skills, skill_level) values (6018, 'Drywall','Beginner');
insert into skills (skill_id, skills, skill_level) values (6019, 'Ebooks','Intermediate');
insert into skills (skill_id, skills, skill_level) values (6020, 'Justice','Beginner');
insert into skills (skill_id, skills, skill_level) values (6021, 'Export','Intermediate');
insert into skills (skill_id, skills, skill_level) values (6022, 'Phone Etiquette','Beginner');
insert into skills (skill_id, skills, skill_level) values (6023, 'Guided Imagery','Intermediate');
insert into skills (skill_id, skills, skill_level) values (6024, 'NRA','Beginner');
insert into skills (skill_id, skills, skill_level) values (6025, 'Art','Beginner');
insert into skills (skill_id, skills, skill_level) values (6026, 'Zeolites','Intermediate');
insert into skills (skill_id, skills, skill_level) values (6027, 'FrameMaker','Intermediate');
insert into skills (skill_id, skills, skill_level) values (6028, 'Financial Risk Management','Intermediate');
insert into skills (skill_id, skills, skill_level) values (6029, 'DSLAM','Beginner');
insert into skills (skill_id, skills, skill_level) values (6030, 'Zumba Instruction','Intermediate');
insert into skills (skill_id, skills, skill_level) values (6031, 'Thermodynamics','Beginner');
insert into skills (skill_id, skills, skill_level) values (6032, 'VSTO','Beginner');
insert into skills (skill_id, skills, skill_level) values (6033, 'Twilio','Beginner');
insert into skills (skill_id, skills, skill_level) values (6034, 'Rhythm Guitar','Beginner');
insert into skills (skill_id, skills, skill_level) values (6035, 'MPBN','Intermediate');
insert into skills (skill_id, skills, skill_level) values (6036, 'dSPACE','Beginner');
insert into skills (skill_id, skills, skill_level) values (6037, 'Kodaly','Intermediate');
insert into skills (skill_id, skills, skill_level) values (6038, 'VSOE','Beginner');
insert into skills (skill_id, skills, skill_level) values (6039, 'FCNSA','Beginner');
insert into skills (skill_id, skills, skill_level) values (6040, 'RDL','Beginner');
insert into skills (skill_id, skills, skill_level) values (6041, 'AHWD','Intermediate');
insert into skills (skill_id, skills, skill_level) values (6042, 'PDS','Intermediate');
insert into skills (skill_id, skills, skill_level) values (6043, 'Kaledo','Beginner');
insert into skills (skill_id, skills, skill_level) values (6044, 'Orchestral Music','Intermediate');
insert into skills (skill_id, skills, skill_level) values (6045, 'Gnome','Beginner');
insert into skills (skill_id, skills, skill_level) values (6046, 'XRY','Intermediate');
insert into skills (skill_id, skills, skill_level) values (6047, 'Local Government','Intermediate');
insert into skills (skill_id, skills, skill_level) values (6048, 'RMS','Beginner');
insert into skills (skill_id, skills, skill_level) values (6049, 'RAN','Intermediate');
insert into skills (skill_id, skills, skill_level) values (6050, 'Middle Eastern Studies','Intermediate');
insert into skills (skill_id, skills, skill_level) values (6051, 'Corporate Finance','Intermediate');
insert into skills (skill_id, skills, skill_level) values (6052, 'Luxury','Intermediate');
insert into skills (skill_id, skills, skill_level) values (6053, 'Ignatian Spirituality','Intermediate');
insert into skills (skill_id, skills, skill_level) values (6054, 'JMX','Beginner');
insert into skills (skill_id, skills, skill_level) values (6055, 'PTH','Beginner');
insert into skills (skill_id, skills, skill_level) values (6056, 'Jimmy Jib','Beginner');
insert into skills (skill_id, skills, skill_level) values (6057, 'E-commerce','Intermediate');
insert into skills (skill_id, skills, skill_level) values (6058, 'Vulnerability Research','Intermediate');
insert into skills (skill_id, skills, skill_level) values (6059, 'Long-term Care','Beginner');
insert into skills (skill_id, skills, skill_level) values (6060, 'AV Integration','Intermediate');
insert into skills (skill_id, skills, skill_level) values (6061, 'Analytical Ultracentrifugation','Intermediate');
insert into skills (skill_id, skills, skill_level) values (6062, 'Fiction Writing','Beginner');
insert into skills (skill_id, skills, skill_level) values (6063, 'E-on Vue','Beginner');
insert into skills (skill_id, skills, skill_level) values (6064, 'HMDA','Beginner');
insert into skills (skill_id, skills, skill_level) values (6065, 'GWT','Beginner');
insert into skills (skill_id, skills, skill_level) values (6066, 'Budgeting','Beginner');
insert into skills (skill_id, skills, skill_level) values (6067, 'ABAP Web Dynpro','Beginner');
insert into skills (skill_id, skills, skill_level) values (6068, 'Two-phase Flow','Intermediate');
insert into skills (skill_id, skills, skill_level) values (6069, 'UCINET','Beginner');
insert into skills (skill_id, skills, skill_level) values (6070, 'JNCIP','Intermediate');
insert into skills (skill_id, skills, skill_level) values (6071, 'Subversion','Beginner');
insert into skills (skill_id, skills, skill_level) values (6072, 'MRO Management','Intermediate');
insert into skills (skill_id, skills, skill_level) values (6073, 'Wind Turbines','Beginner');
insert into skills (skill_id, skills, skill_level) values (6074, 'Navisworks','Beginner');
insert into skills (skill_id, skills, skill_level) values (6075, 'ATM Networks','Intermediate');
insert into skills (skill_id, skills, skill_level) values (6076, 'VBA','Intermediate');
insert into skills (skill_id, skills, skill_level) values (6077, 'Smart TV','Beginner');
insert into skills (skill_id, skills, skill_level) values (6078, 'Emergency Nursing','Beginner');
insert into skills (skill_id, skills, skill_level) values (6079, 'Statistical Data Analysis','Intermediate');
insert into skills (skill_id, skills, skill_level) values (6080, 'Classroom','Beginner');
insert into skills (skill_id, skills, skill_level) values (6081, 'DMS-100','Beginner');
insert into skills (skill_id, skills, skill_level) values (6082, 'HSEQ','Intermediate');
insert into skills (skill_id, skills, skill_level) values (6083, 'Easytrieve','Intermediate');
insert into skills (skill_id, skills, skill_level) values (6084, 'LLDPE','Beginner');
insert into skills (skill_id, skills, skill_level) values (6085, 'Hypertension','Beginner');
insert into skills (skill_id, skills, skill_level) values (6086, 'Phase II ESA','Intermediate');
insert into skills (skill_id, skills, skill_level) values (6087, 'Oscilloscope','Beginner');
insert into skills (skill_id, skills, skill_level) values (6088, 'Business Development','Beginner');
insert into skills (skill_id, skills, skill_level) values (6089, 'XSL','Beginner');
insert into skills (skill_id, skills, skill_level) values (6090, 'Hospital Sales','Intermediate');
insert into skills (skill_id, skills, skill_level) values (6091, 'VTK','Intermediate');
insert into skills (skill_id, skills, skill_level) values (6092, 'BPL','Intermediate');
insert into skills (skill_id, skills, skill_level) values (6093, 'CBT','Intermediate');
insert into skills (skill_id, skills, skill_level) values (6094, 'Strategic HR','Beginner');
insert into skills (skill_id, skills, skill_level) values (6095, 'Personal Development','Beginner');
insert into skills (skill_id, skills, skill_level) values (6096, 'Lync','Beginner');
insert into skills (skill_id, skills, skill_level) values (6097, 'MSP Practitioner','Beginner');
insert into skills (skill_id, skills, skill_level) values (6098, 'WHIMS','Beginner');
insert into skills (skill_id, skills, skill_level) values (6099, 'Corporate Real Estate','Intermediate');
insert into skills (skill_id, skills, skill_level) values (6100, 'Sales','Intermediate');
                                                                                                 
                                                                                                 
                                                                                                 
                                                                                                 


                                                                                                 





insert into asset (asset_id, emp_id,asset_name,asset_type,asset_details,creation_date) values (301, 1020,'laptop','electronics','In use','2021-02-23');
insert into asset (asset_id, emp_id,asset_name,asset_type,asset_details,creation_date) values (302, 1087,'projectors','accessories','Requested','2021-03-31');
insert into asset (asset_id, emp_id,asset_name,asset_type,asset_details,creation_date) values (303, 1060,'desktop','electronics','Returned','2021-08-03');
insert into asset (asset_id, emp_id,asset_name,asset_type,asset_details,creation_date) values (304, 1039,'desktop','electronics','Requested','2021-03-05');
insert into asset (asset_id, emp_id,asset_name,asset_type,asset_details,creation_date) values (305, 1057,'speakers','accessories','In use','2021-11-13');
insert into asset (asset_id, emp_id,asset_name,asset_type,asset_details,creation_date) values (306, 1100,'spikeguard','accessories','Requested','2021-06-23');
insert into asset (asset_id, emp_id,asset_name,asset_type,asset_details,creation_date) values (307, 1018,'laptop','electronics','In use','2021-01-14');
insert into asset (asset_id, emp_id,asset_name,asset_type,asset_details,creation_date) values (308, 1055,'projectors',accessories','In use','2021-05-18');
insert into asset (asset_id, emp_id,asset_name,asset_type,asset_details,creation_date) values (309, 1057,'desktop','electronics','Returned','2021-09-16');
insert into asset (asset_id, emp_id,asset_name,asset_type,asset_details,creation_date) values (310, 1034,'keyboard','electronics','In use','2021-03-23');
insert into asset (asset_id, emp_id,asset_name,asset_type,asset_details,creation_date) values (311, 1003,'mouse','electronics','Returned','2021-11-02');
insert into asset (asset_id, emp_id,asset_name,asset_type,asset_details,creation_date) values (312, 1045,'projectors','accessories','In use','2021-02-14');
insert into asset (asset_id, emp_id,asset_name,asset_type,asset_details,creation_date) values (313, 1052,'spikeguard','accessories','Requested','2021-02-10');
insert into asset (asset_id, emp_id,asset_name,asset_type,asset_details,creation_date) values (314, 1095,'projectors','accessories','In use','2021-08-07');
insert into asset (asset_id, emp_id,asset_name,asset_type,asset_details,creation_date) values (315, 1083,'desktop','electronics',Returned','2021-07-21');
insert into asset (asset_id, emp_id,asset_name,asset_type,asset_details,creation_date) values (316, 1049,'keyboard','electronics',In use','2021-03-14');
insert into asset (asset_id, emp_id,asset_name,asset_type,asset_details,creation_date) values (317, 1080,'spikeguard','accessories','Requested','2021-10-02');
insert into asset (asset_id, emp_id,asset_name,asset_type,asset_details,creation_date) values (318, 1029,'projectors,'accessories','In use','2021-01-08');
insert into asset (asset_id, emp_id,asset_name,asset_type,asset_details,creation_date) values (319, 1045,'desktop','electronics','Returned','2021-09-02');
insert into asset (asset_id, emp_id,asset_name,asset_type,asset_details,creation_date) values (320, 1012,'mouse','electronics','In use','2021-10-16');
insert into asset (asset_id, emp_id,asset_name,asset_type,asset_details,creation_date) values (321, 1048,'desktop','electronics','Requested','2021-06-04');
insert into asset (asset_id, emp_id,asset_name,asset_type,asset_details,creation_date) values (322, 1050,'projectors','accessories','In use','2021-08-22');
insert into asset (asset_id, emp_id,asset_name,asset_type,asset_details,creation_date) values (323, 1026,'desktop','electronics','Requested','2021-01-20');
insert into asset (asset_id, emp_id,asset_name,asset_type,asset_details,creation_date) values (324, 1057,'mouse','electronics','Returned','2021-04-12');
insert into asset (asset_id, emp_id,asset_name,asset_type,asset_details,creation_date) values (325, 1002,'keyboard','electronics','In use','2021-05-03');
insert into asset (asset_id, emp_id,asset_name,asset_type,asset_details,creation_date) values (326, 1020,'projectors,'accessories','Returned','2021-04-12');
insert into asset (asset_id, emp_id,asset_name,asset_type,asset_details,creation_date) values (327, 1012,'desktop','electronics','Requested','2021-04-28');
insert into asset (asset_id, emp_id,asset_name,asset_type,asset_details,creation_date) values (328, 1022,'keyboard','electronics','In use','2021-01-12');
insert into asset (asset_id, emp_id,asset_name,asset_type,asset_details,creation_date) values (329, 1008,'desktop','electronics','Requested','2021-02-22');
insert into asset (asset_id, emp_id,asset_name,asset_type,asset_details,creation_date) values (330, 1050,'projectors','accessories','In use','2021-06-06');
insert into asset (asset_id, emp_id,asset_name,asset_type,asset_details,creation_date) values (331, 1033,'spikeguard','accessories','Requested','2021-07-12');
insert into asset (asset_id, emp_id,asset_name,asset_type,asset_details,creation_date) values (332, 1028,'speakers','accessories','In use','2021-12-01');
insert into asset (asset_id, emp_id,asset_name,asset_type,asset_details,creation_date) values (333, 1077,'projectors','accessories','Requested','2021-04-26');
insert into asset (asset_id, emp_id,asset_name,asset_type,asset_details,creation_date) values (334, 1072,'desktop','electronics','Requested','2021-10-21');
insert into asset (asset_id, emp_id,asset_name,asset_type,asset_details,creation_date) values (335, 1069,'speakers','accessories','In use','2021-02-19');
insert into asset (asset_id, emp_id,asset_name,asset_type,asset_details,creation_date) values (336, 1012,'projectors','accessories','Returned','2021-08-15');
insert into asset (asset_id, emp_id,asset_name,asset_type,asset_details,creation_date) values (337, 1039,'speakers','accessories','Returned','2021-01-02');
insert into asset (asset_id, emp_id,asset_name,asset_type,asset_details,creation_date) values (338, 1010,'spikeguard','accessories','In use','2021-05-07');
insert into asset (asset_id, emp_id,asset_name,asset_type,asset_details,creation_date) values (339, 1067,'desktop','electronics','Returned','2021-04-07');
insert into asset (asset_id, emp_id,asset_name,asset_type,asset_details,creation_date) values (340, 1019,'keyboard','electronics','Requested','2021-07-10');
insert into asset (asset_id, emp_id,asset_name,asset_type,asset_details,creation_date) values (341, 1022,'speakers','accessories','In use','2021-04-17');
insert into asset (asset_id, emp_id,asset_name,asset_type,asset_details,creation_date) values (342, 1037,'desktop','electronics','Requested','2021-03-16');
insert into asset (asset_id, emp_id,asset_name,asset_type,asset_details,creation_date) values (343, 1048,'mouse','electronics','Requested','2021-07-02');
insert into asset (asset_id, emp_id,asset_name,asset_type,asset_details,creation_date) values (344, 1079,'speakers','accessories','Requested','2021-03-04');
insert into asset (asset_id, emp_id,asset_name,asset_type,asset_details,creation_date) values (345, 1002,'laptop','electronics','Returned','2021-02-27');
insert into asset (asset_id, emp_id,asset_name,asset_type,asset_details,creation_date) values (346, 1005,'desktop','electronics','Requested','2021-12-15');
insert into asset (asset_id, emp_id,asset_name,asset_type,asset_details,creation_date) values (347, 1078,'laptop','electronics','Returned','2021-11-26');
insert into asset (asset_id, emp_id,asset_name,asset_type,asset_details,creation_date) values (348, 1092,'keyboard','electronics','In use','2021-10-10');
insert into asset (asset_id, emp_id,asset_name,asset_type,asset_details,creation_date) values (349, 1093,'speakers','accessories','Returned','2021-08-04');
insert into asset (asset_id, emp_id,asset_name,asset_type,asset_details,creation_date) values (350, 1014,'desktop','electronics','Requested','2021-05-31');
insert into asset ( asset_id, emp_id, asset_name, asset_type, asset_details, creation_date) values (351,1038,'speakers','accessories','Requested',''2021-09-04'');
insert into asset ( asset_id, emp_id, asset_name, asset_type, asset_details, creation_date) values (352,1021,'desktop','electronics','Requested','2021-07-24');
insert into asset ( asset_id, emp_id, asset_name, asset_type, asset_details, creation_date) values (353,1097,'laptop','electronics','Returned','2021-12-14');
insert into asset ( asset_id, emp_id, asset_name, asset_type, asset_details, creation_date) values (354,1073,'desktop','electronics','In use','2021-09-15');
insert into asset ( asset_id, emp_id, asset_name, asset_type, asset_details, creation_date) values (355,1098,'laptop','electronics','Returned','2021-07-10');
insert into asset ( asset_id, emp_id, asset_name, asset_type, asset_details, creation_date) values (356,1001,'desktop','electronics','In use','2021-09-10');
insert into asset ( asset_id, emp_id, asset_name, asset_type, asset_details, creation_date) values (357,1006,'mouse','electronics','Requested','2021-12-02');
insert into asset ( asset_id, emp_id, asset_name, asset_type, asset_details, creation_date) values (358,1002,'keyboard','electronics','In use','2021-03-19');
insert into asset ( asset_id, emp_id, asset_name, asset_type, asset_details, creation_date) values (359,1046,'laptop','electronics','Requested','2021-12-15');
insert into asset ( asset_id, emp_id, asset_name, asset_type, asset_details, creation_date) values (360,1009,'desktop','electronics','Returned','2021-02-14');
insert into asset ( asset_id, emp_id, asset_name, asset_type, asset_details, creation_date) values (361,1010,'laptop','electronics','In use','2021-05-27');
insert into asset ( asset_id, emp_id, asset_name, asset_type, asset_details, creation_date) values (362,1034,'laptop','electronics','Requested','2021-08-17');
insert into asset ( asset_id, emp_id, asset_name, asset_type, asset_details, creation_date) values (363,1054,'desktop','electronics','Returned','2021-11-07');
insert into asset ( asset_id, emp_id, asset_name, asset_type, asset_details, creation_date) values (364,1008,'laptop','electronics','Requested','2021-01-29');
insert into asset ( asset_id, emp_id, asset_name, asset_type, asset_details, creation_date) values (365,1042,'speakers','accessories','In use','2021-02-10');
insert into asset ( asset_id, emp_id, asset_name, asset_type, asset_details, creation_date) values (366,1033,'mouse','electronics','Requested','2021-06-01');
insert into asset ( asset_id, emp_id, asset_name, asset_type, asset_details, creation_date) values (367,1057,'keyboard','electronics','In use','2021-01-15');
insert into asset ( asset_id, emp_id, asset_name, asset_type, asset_details, creation_date) values (368,1087,'desktop','electronics','Returned','2021-11-05');
insert into asset ( asset_id, emp_id, asset_name, asset_type, asset_details, creation_date) values (369,1021,'projectors','accessories','In use','2021-06-07');
insert into asset ( asset_id, emp_id, asset_name, asset_type, asset_details, creation_date) values (370,1085,'laptop','electronics','Requested','2021-09-16');
insert into asset ( asset_id, emp_id, asset_name, asset_type, asset_details, creation_date) values (371,1092,'spikeguard','accessories','In use','2021-01-18');
insert into asset ( asset_id, emp_id, asset_name, asset_type, asset_details, creation_date) values (372,1098,'desktop','electronics','Returned','2021-09-14');
insert into asset ( asset_id, emp_id, asset_name, asset_type, asset_details, creation_date) values (373,1019,'laptop','electronics','Requested','2021-10-19');
insert into asset ( asset_id, emp_id, asset_name, asset_type, asset_details, creation_date) values (374,1013,'mouse','electronics','Returned','2021-04-08');
insert into asset ( asset_id, emp_id, asset_name, asset_type, asset_details, creation_date) values (375,1041,'speakers','accessories','In use','2021-06-11');
insert into asset ( asset_id, emp_id, asset_name, asset_type, asset_details, creation_date) values (376,1025,'spikeguard','electronics','Returned','2021-04-09');
insert into asset ( asset_id, emp_id, asset_name, asset_type, asset_details, creation_date) values (377,1079,'desktop','electronics','Requested','2021-08-05');
insert into asset ( asset_id, emp_id, asset_name, asset_type, asset_details, creation_date) values (378,1001,'laptop','electronics','In use','2021-07-21');
insert into asset ( asset_id, emp_id, asset_name, asset_type, asset_details, creation_date) values (379,1010,'mouse','electronics','Returned','2021-02-17');
insert into asset ( asset_id, emp_id, asset_name, asset_type, asset_details, creation_date) values (380,1049,'keyboard','electronics','Requested','2021-10-28');
insert into asset ( asset_id, emp_id, asset_name, asset_type, asset_details, creation_date) values (381,1055,'laptop','electronics','In use','2021-01-09');
insert into asset ( asset_id, emp_id, asset_name, asset_type, asset_details, creation_date) values (382,1046,'desktop','electronics','Returned','2021-11-11');
insert into asset ( asset_id, emp_id, asset_name, asset_type, asset_details, creation_date) values (383,1081,'mouse','electronics','Requested','2021-09-25');
insert into asset ( asset_id, emp_id, asset_name, asset_type, asset_details, creation_date) values (384,1068,'keyboard','electronics','Returned','2021-11-15');
insert into asset ( asset_id, emp_id, asset_name, asset_type, asset_details, creation_date) values (385,1056,'speakers','accessories','In use','2021-04-01');
insert into asset ( asset_id, emp_id, asset_name, asset_type, asset_details, creation_date) values (386,1017,'desktop','electronics','Requested','2021-01-26');
insert into asset ( asset_id, emp_id, asset_name, asset_type, asset_details, creation_date) values (387,1009,'projectors','accessories','Returned','2021-09-11');
insert into asset ( asset_id, emp_id, asset_name, asset_type, asset_details, creation_date) values (388,1070,'laptop','electronics','In use','2021-03-14');
insert into asset ( asset_id, emp_id, asset_name, asset_type, asset_details, creation_date) values (389,1036,'laptop','electronics','Returned','2021-04-25');
insert into asset ( asset_id, emp_id, asset_name, asset_type, asset_details, creation_date) values (390,1085,'desktop','electronics','Requested','2021-08-17');
insert into asset ( asset_id, emp_id, asset_name, asset_type, asset_details, creation_date) values (391,1095,'speakers','accessories','In use','2021-09-21');
insert into asset ( asset_id, emp_id, asset_name, asset_type, asset_details, creation_date) values (392,1060,'projectors','accessories','Requested','2021-02-08');
insert into asset ( asset_id, emp_id, asset_name, asset_type, asset_details, creation_date) values (393,1096,'laptop','electronics','In use','2021-11-24');
insert into asset ( asset_id, emp_id, asset_name, asset_type, asset_details, creation_date) values (394,1025,'laptop','electronics','Returned','2021-10-21');
insert into asset ( asset_id, emp_id, asset_name, asset_type, asset_details, creation_date) values (395,1083,'spikeguard','accessories','In use','2021-08-21');
insert into asset ( asset_id, emp_id, asset_name, asset_type, asset_details, creation_date) values (396,1087,'laptop','accessories','Returned','2021-09-28');
insert into asset ( asset_id, emp_id, asset_name, asset_type, asset_details, creation_date) values (397,1097,'keyboard','electronics','In use','2021-04-20');
insert into asset ( asset_id, emp_id, asset_name, asset_type, asset_details, creation_date) values (398,1063,'mouse','electronics','In use','2021-06-21');
insert into asset ( asset_id, emp_id, asset_name, asset_type, asset_details, creation_date) values (399,1026,'desktop','electronics','Requested','2021-08-29');
insert into asset ( asset_id, emp_id, asset_name, asset_type, asset_details, creation_date) values (400,1086,'speakers','accessories','Returned','2021-08-02');
