insert into DEPARTMENT (dept_id, dept_name) values (10, 'Research and Development');
insert into DEPARTMENT (dept_id, dept_name) values (20, 'Sales');
insert into DEPARTMENT (dept_id, dept_name) values (30, 'Human Resources');
insert into DEPARTMENT (dept_id, dept_name) values (40, 'Accounting');
insert into DEPARTMENT (dept_id, dept_name) values (50, 'Marketing');
insert into DEPARTMENT (dept_id, dept_name) values (60, 'Finanace');
insert into DEPARTMENT (dept_id, dept_name) values (70, 'Operations');
insert into DEPARTMENT (dept_id, dept_name) values (80, 'Production');


insert into designation (designation_id, designation_name) values (101, 'VP Accounting');
insert into designation (designation_id, designation_name) values (102, 'Design Engineer');
insert into designation (designation_id, designation_name) values (103, 'Senior Developer');
insert into designation (designation_id, designation_name) values (104, 'Software Engineer');
insert into designation (designation_id, designation_name) values (105, 'Media Manager');
insert into designation (designation_id, designation_name) values (106, 'Automation Specialist');
insert into designation (designation_id, designation_name) values (107, 'Project Manager');
insert into designation (designation_id, designation_name) values (108, 'Help Desk Operator');

insert into projects (project_id, project_name) values ('A1', 'Batman');
insert into projects (project_id, project_name) values ('A2', 'Bender Project');
insert into projects (project_id, project_name) values ('A21', 'Canary');
insert into projects (project_id, project_name) values ('A3', 'Casanova');
insert into projects (project_id, project_name) values ('A5', 'Cascade');
insert into projects (project_id, project_name) values ('A7', 'Bigfish');
insert into projects (project_id, project_name) values ('A8', 'Bigfoot');
insert into projects (project_id, project_name) values ('A9', 'HornedFrogs');
insert into projects (project_id, project_name) values ('FN1', 'Hornets');
insert into projects (project_id, project_name) values ('FN2', 'Husky Cat');
insert into projects (project_id, project_name) values ('FN3', 'Massive Monkeys');
insert into projects (project_id, project_name) values ('FN4', 'Matadors');
insert into projects (project_id, project_name) values ('FN5', 'Mercury');
insert into projects (project_id, project_name) values ('FN6', 'Bomb Squad');
insert into projects (project_id, project_name) values ('FN7', 'Violent Storms');
insert into projects (project_id, project_name) values ('FN8', 'Weekend Warriors');
insert into projects (project_id, project_name) values ('FN9', 'Westeners');
insert into projects (project_id, project_name) values ('O1', 'Fast Balls');
insert into projects (project_id, project_name) values ('O2', 'Next Gala');
insert into projects (project_id, project_name) values ('O22', 'FNP');
insert into projects (project_id, project_name) values ('O3', 'element Fleet');
insert into projects (project_id, project_name) values ('O4', 'Alexa');
insert into projects (project_id, project_name) values ('O5', 'Hotel management system');
insert into projects (project_id, project_name) values ('O6', 'Blueman');
insert into projects (project_id, project_name) values ('O7', 'Delivery system');
insert into projects (project_id, project_name) values ('O8', 'Snell');
insert into projects (project_id, project_name) values ('O9', 'Trumph');
insert into projects (project_id, project_name) values ('P3', 'code honors');
insert into projects (project_id, project_name) values ('P4', 'Charles');
insert into projects (project_id, project_name) values ('P5', 'Blue Bird');
insert into projects (project_id, project_name) values ('P6', 'Network');
insert into projects (project_id, project_name) values ('P7', 'Passion Chaser');
insert into projects (project_id, project_name) values ('P9', 'Orange Leader');
insert into projects (project_id, project_name) values ('RD1', 'Yaeger');
insert into projects (project_id, project_name) values ('RD10', 'Yellow Moose');
insert into projects (project_id, project_name) values ('RD2', 'Yosmita');
insert into projects (project_id, project_name) values ('RD3', 'Sirius');
insert into projects (project_id, project_name) values ('RD5', 'Soul Spartrans');
insert into projects (project_id, project_name) values ('RD6', 'Red Butter');
insert into projects (project_id, project_name) values ('RD7', 'Sputnik');
insert into projects (project_id, project_name) values ('RD8', 'Rhinestone');

insert into asset (asset_Id, asset_name, asset_type) values (8001, 'Laptop', 'Electronics');
insert into asset (asset_Id, asset_name, asset_type) values (8002, 'Desktop', 'Electronics');
insert into asset (asset_Id, asset_name, asset_type) values (8003, 'KeyBoard', 'Electronics');
insert into asset (asset_Id, asset_name, asset_type) values (8004, 'Mouse', 'Electronics');
insert into asset (asset_Id, asset_name, asset_type) values (8005, 'Projector', 'Accessories');
insert into asset (asset_Id, asset_name, asset_type) values (8006, 'SpikeGuard', 'Accessories');
insert into asset (asset_Id, asset_name, asset_type) values (8007, 'Speakers', 'Accessories');
insert into asset (asset_Id, asset_name, asset_type) values (8008, 'HeadPhones', 'Accessories');

insert into skills (skill_id, skill_name, skill_level) values (6001, 'Signal Processing','Beginner');
insert into skills (skill_id, skill_name, skill_level) values (6002, 'Talent Management','Intermediate');
insert into skills (skill_id, skill_name, skill_level) values (6003, 'Fine Dining','Intermediate');
insert into skills (skill_id, skill_name, skill_level) values (6004, 'DMX','Beginner');
insert into skills (skill_id, skill_name, skill_level) values (6005, 'Loans','Intermediate');
insert into skills (skill_id, skill_name, skill_level) values (6006, 'Custom CMS Development','Beginner');
insert into skills (skill_id, skill_name, skill_level) values (6007, 'EJB','Intermediate');
insert into skills (skill_id, skill_name, skill_level) values (6008, 'DSM-IV','Beginner');
insert into skills (skill_id, skill_name, skill_level) values (6009, 'Whole Life','Intermediate');
insert into skills (skill_id, skill_name, skill_level) values (6010, 'Overhaul','Intermediate');
insert into skills (skill_id, skill_name, skill_level) values (6011, 'Dynamics','Beginner');
insert into skills (skill_id, skill_name, skill_level) values (6012, 'HP Service Manager','Beginner');
insert into skills (skill_id, skill_name, skill_level) values (6013, 'Data Management','Intermediate');
insert into skills (skill_id, skill_name, skill_level) values (6014, 'RPM','Beginner');
insert into skills (skill_id, skill_name, skill_level) values (6015, 'Kundalini','Intermediate');
insert into skills (skill_id, skill_name, skill_level) values (6016, 'PTF','Intermediate');
insert into skills (skill_id, skill_name, skill_level) values (6017, 'New Urbanism','Beginner');
insert into skills (skill_id, skill_name, skill_level) values (6018, 'Drywall','Beginner');
insert into skills (skill_id, skill_name, skill_level) values (6019, 'Ebooks','Intermediate');
insert into skills (skill_id, skill_name, skill_level) values (6020, 'Justice','Beginner');
insert into skills (skill_id, skill_name, skill_level) values (6021, 'Export','Intermediate');
insert into skills (skill_id, skill_name, skill_level) values (6022, 'Phone Etiquette','Beginner');
insert into skills (skill_id, skill_name, skill_level) values (6023, 'Guided Imagery','Intermediate');
insert into skills (skill_id, skill_name, skill_level) values (6024, 'NRA','Beginner');
insert into skills (skill_id, skill_name, skill_level) values (6025, 'Art','Beginner');
insert into skills (skill_id, skill_name, skill_level) values (6026, 'Zeolites','Intermediate');
insert into skills (skill_id, skill_name, skill_level) values (6027, 'FrameMaker','Intermediate');
insert into skills (skill_id, skill_name, skill_level) values (6028, 'Financial Risk Management','Intermediate');
insert into skills (skill_id, skill_name, skill_level) values (6029, 'DSLAM','Beginner');
insert into skills (skill_id, skill_name, skill_level) values (6030, 'Zumba Instruction','Intermediate');
insert into skills (skill_id, skill_name, skill_level) values (6031, 'Thermodynamics','Beginner');
insert into skills (skill_id, skill_name, skill_level) values (6032, 'VSTO','Beginner');
insert into skills (skill_id, skill_name, skill_level) values (6033, 'Twilio','Beginner');
insert into skills (skill_id, skill_name, skill_level) values (6034, 'Rhythm Guitar','Beginner');
insert into skills (skill_id, skill_name, skill_level) values (6035, 'MPBN','Intermediate');
insert into skills (skill_id, skill_name, skill_level) values (6036, 'dSPACE','Beginner');
insert into skills (skill_id, skill_name, skill_level) values (6037, 'Kodaly','Intermediate');
insert into skills (skill_id, skill_name, skill_level) values (6038, 'VSOE','Beginner');
insert into skills (skill_id, skill_name, skill_level) values (6039, 'FCNSA','Beginner');
insert into skills (skill_id, skill_name, skill_level) values (6040, 'RDL','Beginner');
insert into skills (skill_id, skill_name, skill_level) values (6041, 'AHWD','Intermediate');
insert into skills (skill_id, skill_name, skill_level) values (6042, 'PDS','Intermediate');
insert into skills (skill_id, skill_name, skill_level) values (6043, 'Kaledo','Beginner');
insert into skills (skill_id, skill_name, skill_level) values (6044, 'Orchestral Music','Intermediate');
insert into skills (skill_id, skill_name, skill_level) values (6045, 'Gnome','Beginner');
insert into skills (skill_id, skill_name, skill_level) values (6046, 'XRY','Intermediate');
insert into skills (skill_id, skill_name, skill_level) values (6047, 'Local Government','Intermediate');
insert into skills (skill_id, skill_name, skill_level) values (6048, 'RMS','Beginner');
insert into skills (skill_id, skill_name, skill_level) values (6049, 'RAN','Intermediate');
insert into skills (skill_id, skill_name, skill_level) values (6050, 'Middle Eastern Studies','Intermediate');
insert into skills (skill_id, skill_name, skill_level) values (6051, 'Corporate Finance','Intermediate');
insert into skills (skill_id, skill_name, skill_level) values (6052, 'Luxury','Intermediate');
insert into skills (skill_id, skill_name, skill_level) values (6053, 'Ignatian Spirituality','Intermediate');
insert into skills (skill_id, skill_name, skill_level) values (6054, 'JMX','Beginner');
insert into skills (skill_id, skill_name, skill_level) values (6055, 'PTH','Beginner');
insert into skills (skill_id, skill_name, skill_level) values (6056, 'Jimmy Jib','Beginner');
insert into skills (skill_id, skill_name, skill_level) values (6057, 'E-commerce','Intermediate');
insert into skills (skill_id, skill_name, skill_level) values (6058, 'Vulnerability Research','Intermediate');
insert into skills (skill_id, skill_name, skill_level) values (6059, 'Long-term Care','Beginner');
insert into skills (skill_id, skill_name, skill_level) values (6060, 'AV Integration','Intermediate');
insert into skills (skill_id, skill_name, skill_level) values (6061, 'Analytical Ultracentrifugation','Intermediate');
insert into skills (skill_id, skill_name, skill_level) values (6062, 'Fiction Writing','Beginner');
insert into skills (skill_id, skill_name, skill_level) values (6063, 'E-on Vue','Beginner');
insert into skills (skill_id, skill_name, skill_level) values (6064, 'HMDA','Beginner');
insert into skills (skill_id, skill_name, skill_level) values (6065, 'GWT','Beginner');
insert into skills (skill_id, skill_name, skill_level) values (6066, 'Budgeting','Beginner');
insert into skills (skill_id, skill_name, skill_level) values (6067, 'ABAP Web Dynpro','Beginner');
insert into skills (skill_id, skill_name, skill_level) values (6068, 'Two-phase Flow','Intermediate');
insert into skills (skill_id, skill_name, skill_level) values (6069, 'UCINET','Beginner');
insert into skills (skill_id, skill_name, skill_level) values (6070, 'JNCIP','Intermediate');
insert into skills (skill_id, skill_name, skill_level) values (6071, 'Subversion','Beginner');
insert into skills (skill_id, skill_name, skill_level) values (6072, 'MRO Management','Intermediate');
insert into skills (skill_id, skill_name, skill_level) values (6073, 'Wind Turbines','Beginner');
insert into skills (skill_id, skill_name, skill_level) values (6074, 'Navisworks','Beginner');
insert into skills (skill_id, skill_name, skill_level) values (6075, 'ATM Networks','Intermediate');
insert into skills (skill_id, skill_name, skill_level) values (6076, 'VBA','Intermediate');
insert into skills (skill_id, skill_name, skill_level) values (6077, 'Smart TV','Beginner');
insert into skills (skill_id, skill_name, skill_level) values (6078, 'Emergency Nursing','Beginner');
insert into skills (skill_id, skill_name, skill_level) values (6079, 'Statistical Data Analysis','Intermediate');
insert into skills (skill_id, skill_name, skill_level) values (6080, 'Classroom','Beginner');
insert into skills (skill_id, skill_name, skill_level) values (6081, 'DMS-100','Beginner');
insert into skills (skill_id, skill_name, skill_level) values (6082, 'HSEQ','Intermediate');
insert into skills (skill_id, skill_name, skill_level) values (6083, 'Easytrieve','Intermediate');
insert into skills (skill_id, skill_name, skill_level) values (6084, 'LLDPE','Beginner');
insert into skills (skill_id, skill_name, skill_level) values (6085, 'Hypertension','Beginner');
insert into skills (skill_id, skill_name, skill_level) values (6086, 'Phase II ESA','Intermediate');
insert into skills (skill_id, skill_name, skill_level) values (6087, 'Oscilloscope','Beginner');
insert into skills (skill_id, skill_name, skill_level) values (6088, 'Business Development','Beginner');
insert into skills (skill_id, skill_name, skill_level) values (6089, 'XSL','Beginner');
insert into skills (skill_id, skill_name, skill_level) values (6090, 'Hospital Sales','Intermediate');
insert into skills (skill_id, skill_name, skill_level) values (6091, 'VTK','Intermediate');
insert into skills (skill_id, skill_name, skill_level) values (6092, 'BPL','Intermediate');
insert into skills (skill_id, skill_name, skill_level) values (6093, 'CBT','Intermediate');
insert into skills (skill_id, skill_name, skill_level) values (6094, 'Strategic HR','Beginner');
insert into skills (skill_id, skill_name, skill_level) values (6095, 'Personal Development','Beginner');
insert into skills (skill_id, skill_name, skill_level) values (6096, 'Lync','Beginner');
insert into skills (skill_id, skill_name, skill_level) values (6097, 'MSP Practitioner','Beginner');
insert into skills (skill_id, skill_name, skill_level) values (6098, 'WHIMS','Beginner');
insert into skills (skill_id, skill_name, skill_level) values (6099, 'Corporate Real Estate','Intermediate');
insert into skills (skill_id, skill_name, skill_level) values (6100, 'Sales','Intermediate');

insert into wages (wage_Id, designation_id, wages) values (5001, 101, 50);
insert into wages (wage_Id, designation_id, wages) values (5002, 102, 45);
insert into wages (wage_Id, designation_id, wages) values (5003, 103, 48);
insert into wages (wage_Id, designation_id, wages) values (5004, 104, 40);
insert into wages (wage_Id, designation_id, wages) values (5005, 105, 35);
insert into wages (wage_Id, designation_id, wages) values (5006, 106, 45);
insert into wages (wage_Id, designation_id, wages) values (5007, 107, 40);
insert into wages (wage_Id, designation_id, wages) values (5008, 108, 30);





insert into hrms_employee_details (emp_id, first_name, middle_name, last_name,designation_id,dept_id, birthdate, sex, company_emailid, phone_no, houseno, street_name, city, pincode, employment_date, reporting_manager) values (1001, 'Raleigh', 'Artair', 'Odlin',101,20, '1990-09-23','M', 'iodlin0@intel.com', 1115665790, 12, 'Cambridge', 'Sindangkopo', 02115, '2021-07-09', 'Ignatius');
insert into hrms_employee_details (emp_id, first_name, middle_name, last_name,designation_id,dept_id, birthdate, sex, company_emailid, phone_no, houseno, street_name, city, pincode, employment_date, reporting_manager) values (1002, 'Cross', 'Algernon', 'Hurnell',102,10, '1997-07-19','M', 'phurnell1@smugmug.com', 3012745296, 63, 'Killdeer', 'Gävle', 80106, '2021-09-26', 'Prentice');
insert into hrms_employee_details (emp_id, first_name, middle_name, last_name,designation_id,dept_id, birthdate, sex, company_emailid, phone_no, houseno, street_name, city, pincode, employment_date, reporting_manager) values (1003, 'Baily', 'Pancho', 'Atcock',104,60,'2000-02-20','M','satcock2@dmoz.org', 9436326222, 1942, 'Fairview', 'Nuwaybi‘a', 87654, '2021-05-12', 'Sloan');
insert into hrms_employee_details (emp_id, first_name, middle_name, last_name,designation_id,dept_id, birthdate, sex, company_emailid, phone_no, houseno, street_name, city, pincode, employment_date, reporting_manager) values (1004, 'Electra', 'Maddi', 'Wakeley',102,50,'1980-12-07','F','nwakeley3@creativecommons.org', 4057787554, 62842, 'Mcbride', 'Kretinga', 97001, '2021-10-27', 'Nerty');
insert into hrms_employee_details (emp_id, first_name, middle_name, last_name,designation_id,dept_id, birthdate, sex, company_emailid, phone_no, houseno, street_name, city, pincode, employment_date, reporting_manager) values (1005, 'Vidovik', 'Quentin', 'Morison',105,30,'1985-05-25','M','mmorison4@ebay.co.uk',2039981345, 2, 'Northfield', 'Ta‘izz', 12345, '2021-03-25', 'Marlon');
insert into hrms_employee_details (emp_id, first_name, middle_name, last_name,designation_id,dept_id, birthdate, sex, company_emailid, phone_no, houseno, street_name, city, pincode, employment_date, reporting_manager) values (1006, 'Sheree', 'Eula', 'Aleksankin',104,70, '1990-03-13','F','raleksankin5@sohu.com',4367053027, 5621, 'Nelson', 'Mahaddayweyne', 45678, '2021-02-09', 'Rosaline');
insert into hrms_employee_details (emp_id, first_name, middle_name, last_name,designation_id,dept_id, birthdate, sex, company_emailid, phone_no, houseno, street_name, city, pincode, employment_date, reporting_manager) values (1007, 'Clementina', 'Marlee', 'Draijer',104,30,'2000-02-16','F','gdraijer6@rediff.com',6212629274, 9065, 'Loomis', 'Pisaras', 56787, '2021-08-01', 'Gilli');
insert into hrms_employee_details (emp_id, first_name, middle_name, last_name,designation_id,dept_id, birthdate, sex, company_emailid, phone_no, houseno, street_name, city, pincode, employment_date, reporting_manager) values (1008, 'Thebault', 'Theodoric', 'Sinnett',107,30,'1998-10-30','M','msinnett7@reddit.com',1977356755, 7, 'Gina', 'Kasamwa', 34567, '2021-01-03', 'Mikol');
insert into hrms_employee_details (emp_id, first_name, middle_name, last_name,designation_id,dept_id, birthdate, sex, company_emailid, phone_no, houseno, street_name, city, pincode, employment_date, reporting_manager) values (1009, 'Isacco', 'Darby', 'Illesley',103,80,'1995-06-24','M','millesley8@wiley.com',4187255017, 3, 'Moulton', 'Bang Len', 73130, '2021-06-10','Matthiew');
insert into hrms_employee_details (emp_id, first_name, middle_name, last_name,designation_id,dept_id, birthdate, sex, company_emailid, phone_no, houseno, street_name, city, pincode, employment_date, reporting_manager) values (1010, 'Joe', 'Reinwald', 'Camier',105,70,'1996-02-10','M','rcamier9@virginia.edu',7623598276, 38, 'Pond', 'Yoshii', 95220, '2020-12-25','Rowan');
insert into hrms_employee_details (emp_id, first_name, middle_name, last_name,designation_id,dept_id, birthdate, sex, company_emailid, phone_no, houseno, street_name, city, pincode, employment_date, reporting_manager) values (1011, 'Erv', 'Padraig', 'Harbage',103,60,'1999-12-08','M','hharbagea@bloglovin.com',8869911883, 53734, 'Forster', 'Ntoroko', 94357, '2021-09-26','Herby');
insert into hrms_employee_details (emp_id, first_name, middle_name, last_name,designation_id,dept_id, birthdate, sex, company_emailid, phone_no, houseno, street_name, city, pincode, employment_date, reporting_manager) values (1012, 'Nanine', 'Edita', 'Leisman',104,60,'2000-04-27','F','lleismanb@rakuten.co.jp',7022454076, 27774, 'Park Meadow', 'Siverskiy', 18835, '2021-01-08','Leontine');
insert into hrms_employee_details (emp_id, first_name, middle_name, last_name,designation_id,dept_id, birthdate, sex, company_emailid, phone_no, houseno, street_name, city, pincode, employment_date, reporting_manager) values (1013, 'Ki', 'Romola', 'Mcimmie',101,70,'2011-03-09', 'F','lmcimmiec@infoseek.co.jp',8383396864, 34, 'Sachs', 'Ibaraki', 64921, '2021-01-05','Lorna');
insert into hrms_employee_details (emp_id, first_name, middle_name, last_name,designation_id,dept_id, birthdate, sex, company_emailid, phone_no, houseno, street_name, city, pincode, employment_date, reporting_manager) values (1014, 'Francis', 'Saw', 'Elliot',105,60,'2000-05-08', 'M','gelliotd@aol.com',5757111724, 58771, 'Erie', 'Santiago', 54784, '2021-06-12','Gran');
insert into hrms_employee_details (emp_id, first_name, middle_name, last_name,designation_id,dept_id, birthdate, sex, company_emailid, phone_no, houseno, street_name, city, pincode, employment_date, reporting_manager) values (1015, 'Ethelind', 'Rona', 'Jain',103,70, '1998-12-27', 'F','fjaine@arizona.edu',9506182443, 559, 'Anderson', 'Vitomarci', 92255, '2021-06-20','Fredrika');
insert into hrms_employee_details (emp_id, first_name, middle_name, last_name,designation_id,dept_id, birthdate, sex, company_emailid, phone_no, houseno, street_name, city, pincode, employment_date, reporting_manager) values (1016, 'Killy', 'Grove', 'Kleanthous',103,50, '1995-09-27','M','wkleanthousf@buzzfeed.com', 3805432909, 78, 'Melby', 'Cibatuireng', 96341, '2021-09-06','Wallace');
insert into hrms_employee_details (emp_id, first_name, middle_name, last_name,designation_id,dept_id, birthdate, sex, company_emailid, phone_no, houseno, street_name, city, pincode, employment_date, reporting_manager) values (1017, 'Audrie', 'Ranique', 'Hayden',104,60,'1994-06-20','F','shaydeng@globo.com',6802196866, 30203, 'Loeprich', 'Telheira', 46506, '2021-05-28','Sibbie');
insert into hrms_employee_details (emp_id, first_name, middle_name, last_name,designation_id,dept_id, birthdate, sex, company_emailid, phone_no, houseno, street_name, city, pincode, employment_date, reporting_manager) values (1018, 'Heida', 'Lorain', 'Bletcher',103,80,'1990-09-16','F','pbletcherh@wikia.com',7022555623, 3821, 'Gale', 'Không', 94538, '2021-05-03','Paule');
insert into hrms_employee_details (emp_id, first_name, middle_name, last_name,designation_id,dept_id, birthdate, sex, company_emailid, phone_no, houseno, street_name, city, pincode, employment_date, reporting_manager) values (1019, 'Welch', 'Gram', 'Golston',102,80,'1995-07-06', 'M','bgolstoni@w3.org', 3661526649, 43, 'Fallview', 'Jantake', 98765, '2021-04-12','Bart');
insert into hrms_employee_details (emp_id, first_name, middle_name, last_name,designation_id,dept_id, birthdate, sex, company_emailid, phone_no, houseno, street_name, city, pincode, employment_date, reporting_manager) values (1020, 'Clayborne', 'Anders', 'Kelner',104,80, '1990-11-08','M','rkelnerj@ucsd.edu',5423249120, 5535, 'Nova', 'São Jerônimo', 96700, '2021-02-15','Rockwell');
insert into hrms_employee_details (emp_id, first_name, middle_name, last_name,designation_id,dept_id, birthdate, sex, company_emailid, phone_no, houseno, street_name, city, pincode, employment_date, reporting_manager) values (1021, 'Miguelita', 'Tiffani', 'Kynder',105,60, '1993-01-31','F','mkynderk@t-online.de',8635321102, 02, 'Village', 'Maisons-Laffitte', 78604, '2021-03-16','Mead');
insert into hrms_employee_details (emp_id, first_name, middle_name, last_name,designation_id,dept_id, birthdate, sex, company_emailid, phone_no, houseno, street_name, city, pincode, employment_date, reporting_manager) values (1022, 'Silas', 'Dagny', 'Gillbanks',108,20,'1992-09-10','M','tgillbanksl@github.com', 7955766825, 430, 'Canary', 'Naha-shi', 90826, '2021-01-29','Timmie');
insert into hrms_employee_details (emp_id, first_name, middle_name, last_name,designation_id,dept_id, birthdate, sex, company_emailid, phone_no, houseno, street_name, city, pincode, employment_date, reporting_manager) values (1023, 'Rik', 'Timoteo', 'Dellow',104,70,'1991-10-17', 'M','cdellowm@msu.edu',7473705974, 86695,'Knutson', 'Sestroretsk', 19730, '2021-09-19','Clayton');
insert into hrms_employee_details (emp_id, first_name, middle_name, last_name,designation_id,dept_id, birthdate, sex, company_emailid, phone_no, houseno, street_name, city, pincode, employment_date, reporting_manager) values (1024, 'Henka', 'Ruthann', 'Vaney',107,80, '1990-09-04','F','jvaneyn@army.mil',5408730986, 82583,'Fuller', 'Yarabamba', 76108, '2021-03-24','Jobi');
insert into hrms_employee_details (emp_id, first_name, middle_name, last_name,designation_id,dept_id, birthdate, sex, company_emailid, phone_no, houseno, street_name, city, pincode, employment_date, reporting_manager) values (1025, 'Mufi', 'Tamarra', 'Casterton',101,70, '1995-07-21','F','kcastertono@github.com', 2298786715,930, 'Brickson Park', 'Lawrenceville', 30245, '2021-05-18','Kaitlin');
insert into hrms_employee_details (emp_id, first_name, middle_name, last_name,designation_id,dept_id, birthdate, sex, company_emailid, phone_no, houseno, street_name, city, pincode, employment_date, reporting_manager) values (1026, 'Janenna', 'Roby', 'Raitie',102,60,'1997-04-16','F','sraitiep@paypal.com',5778123375,3,'Farwell', 'Barbaza', 57026, '2021-03-14','Sybil');
insert into hrms_employee_details (emp_id, first_name, middle_name, last_name,designation_id,dept_id, birthdate, sex, company_emailid, phone_no, houseno, street_name, city, pincode, employment_date, reporting_manager) values (1027, 'Kent', 'Ric', 'Mallinar',107,40, '1994-09-24', 'M','wmallinarq@ebay.com',9302837093,2583, 'Miller', 'Barbacena', 06200, '2021-08-15','Wade');
insert into hrms_employee_details (emp_id, first_name, middle_name, last_name,designation_id,dept_id, birthdate, sex, company_emailid, phone_no, houseno, street_name, city, pincode, employment_date, reporting_manager) values (1028, 'Montague', 'Reid', 'Butlin',105,80, '1992-01-12','M','rbutlinr@clickbank.net',3564296965, 8, 'Sherman', 'Huancarqui', 98564, '2021-03-29','Ross');
insert into hrms_employee_details (emp_id, first_name, middle_name, last_name,designation_id,dept_id, birthdate, sex, company_emailid, phone_no, houseno, street_name, city, pincode, employment_date, reporting_manager) values (1029, 'Mildred', 'Katusha', 'Denyukin',107,20, '1997-06-10','F','kdenyukins@slideshare.net', 9259212080, 3, 'Jay', 'Gensi', 98543, '2021-02-08','Kassi');
insert into hrms_employee_details (emp_id, first_name, middle_name, last_name,designation_id,dept_id, birthdate, sex, company_emailid, phone_no, houseno, street_name, city, pincode, employment_date, reporting_manager) values (1030, 'Toby', 'Gerri', 'Somes',104,80,'1998-07-15', 'M','hsomest@ca.gov',9715990094, 79100, 'Hayes', 'San Narciso', 43123, '2021-03-27','Harlin');
insert into hrms_employee_details (emp_id, first_name, middle_name, last_name,designation_id,dept_id, birthdate, sex, company_emailid, phone_no, houseno, street_name, city, pincode, employment_date, reporting_manager) values (1031, 'Neddie', 'Clare', 'Clutram',105,20,'1995-08-26','M','eclutramu@netvibes.com', 8566673238, 90552, 'Luster', 'Stari Grad', 21460, '2021-02-10','Eugenio');
insert into hrms_employee_details (emp_id, first_name, middle_name, last_name,designation_id,dept_id, birthdate, sex, company_emailid, phone_no, houseno, street_name, city, pincode, employment_date, reporting_manager) values (1032, 'Alia', 'Gladys', 'Tallon', 102,60, '1992-09-19','F','mtallonv@europa.eu', 7004152613, 48, 'Buena Vista', 'Huangcai', 65425, '2021-01-05','Mil');
insert into hrms_employee_details (emp_id, first_name, middle_name, last_name,designation_id,dept_id, birthdate, sex, company_emailid, phone_no, houseno, street_name, city, pincode, employment_date, reporting_manager) values (1033, 'Reginauld', 'Fulton', 'Sibary', 105,80,'1993-05-31','M','dsibaryw@huffingtonpost.com', 4252546541, 521, 'Oak Valley', 'Sukakarya', 85439, '2021-08-20','Davis');
insert into hrms_employee_details (emp_id, first_name, middle_name, last_name,designation_id,dept_id, birthdate, sex, company_emailid, phone_no, houseno, street_name, city, pincode, employment_date, reporting_manager) values (1034, 'Madelene', 'Sande', 'McGarrity',105,50 ,'1997-09-04','F','emcgarrityx@mail.ru', 5004323063, 85448, 'Troy', 'Tintafor', 98542, '2021-02-13','Estrella');
insert into hrms_employee_details (emp_id, first_name, middle_name, last_name,designation_id,dept_id, birthdate, sex, company_emailid, phone_no, houseno, street_name, city, pincode, employment_date, reporting_manager) values (1035, 'Chane', 'Noel', 'Almon',103,80, '1993-06-23', 'M','calmony@purevolume.com', 7283475568, 84187, 'Grayhawk', 'Katagum', 34521, '2021-01-07','Cully');
insert into hrms_employee_details (emp_id, first_name, middle_name, last_name,designation_id,dept_id, birthdate, sex, company_emailid, phone_no, houseno, street_name, city, pincode, employment_date, reporting_manager) values (1036, 'Towney', 'Rogers', 'Paulmann',105,70, '1994-06-24','M','dpaulmannz@cloudflare.com', 8648332331, 5536, 'Longview', 'Jargalant', 87654, '2021-04-17','Delmor');
insert into hrms_employee_details (emp_id, first_name, middle_name, last_name,designation_id,dept_id, birthdate, sex, company_emailid, phone_no, houseno, street_name, city, pincode, employment_date, reporting_manager) values (1037, 'Salli', 'Kassie', 'Niblett',106,80, '1993-01-04','F', 'cniblett10@booking.com', 8158121651, 6295, 'Hoard', 'Senggreng', 65443, '2021-01-10','Cass');
insert into hrms_employee_details (emp_id, first_name, middle_name, last_name,designation_id,dept_id, birthdate, sex, company_emailid, phone_no, houseno, street_name, city, pincode, employment_date, reporting_manager) values (1038, 'Bernie', 'Garrik', 'Jentges',105,80,'1994-07-08', 'M', 'ljentges11@dion.ne.jp', 1037965637, 89598, '2nd', 'Tajr?sh', 65432, '2021-12-07','Land');
insert into hrms_employee_details (emp_id, first_name, middle_name, last_name,designation_id,dept_id, birthdate, sex, company_emailid, phone_no, houseno, street_name, city, pincode, employment_date, reporting_manager) values (1039, 'Verine', 'Celie', 'Handrick',108,60,'1993-08-14', 'F', 'hhandrick12@purevolume.com', 4741980541, 9, 'Farmco', 'Honglin', 76543, '2021-09-10','Hedy');
insert into hrms_employee_details (emp_id, first_name, middle_name, last_name,designation_id,dept_id, birthdate, sex, company_emailid, phone_no, houseno, street_name, city, pincode, employment_date, reporting_manager) values (1040, 'Ammamaria', 'Latisha', 'Riddock',103,60,'1995-07-07', 'F', 'driddock13@vimeo.com', 5333498922, 36599, 'Raven', 'Lukou', 54443, '2021-11-05','Denni');
insert into hrms_employee_details (emp_id, first_name, middle_name, last_name,designation_id,dept_id, birthdate, sex, company_emailid, phone_no, houseno, street_name, city, pincode, employment_date, reporting_manager) values (1041, 'Fielding', 'Cirillo', 'Shill',105,70,'1998-01-18','M', 'mshill14@smh.com.au', 7123240270, 90, 'Merry', 'Ankazoabo', 98543, '2021-09-14','Menard');
insert into hrms_employee_details (emp_id, first_name, middle_name, last_name,designation_id,dept_id, birthdate, sex, company_emailid, phone_no, houseno, street_name, city, pincode, employment_date, reporting_manager) values (1042, 'Batholomew', 'Goober', 'McQuilty',104,80,'1996-03-18','M', 'smcquilty15@google.co.jp', 8029820199, 7169, 'Daystar', 'Santo Antônio do Monte', 35560, '2021-09-25','Selby');
insert into hrms_employee_details (emp_id, first_name, middle_name, last_name,designation_id,dept_id, birthdate, sex, company_emailid, phone_no, houseno, street_name, city, pincode, employment_date, reporting_manager) values (1043, 'Orazio', 'Adolf', 'Lemar',106,80,'1992-05-16','M','tlemar16@1und1.de', 2705892168, 746, 'Dunning', 'Nggelok', 86432, '2021-04-08','Trevar');
insert into hrms_employee_details (emp_id, first_name, middle_name, last_name,designation_id,dept_id, birthdate, sex, company_emailid, phone_no, houseno, street_name, city, pincode, employment_date, reporting_manager) values (1044, 'Dniren', 'Carlynne', 'Zorzenoni',105,80, '1993-07-22', 'F', 'kzorzenoni17@telegraph.co.uk', 8174784025, 9829, 'Weeping Birch', 'Tanguiéta', 54324, '2021-03-29','Kimmi');
insert into hrms_employee_details (emp_id, first_name, middle_name, last_name,designation_id,dept_id, birthdate, sex, company_emailid, phone_no, houseno, street_name, city, pincode, employment_date, reporting_manager) values (1045, 'Torr', 'Lee', 'Trasler', 104,20,'1996-10-27','M','btrasler18@gmpg.org', 1308272400, 99338, 'Granby', 'Železný Brod', 46822, '2021-08-05','Bertram');
insert into hrms_employee_details (emp_id, first_name, middle_name, last_name,designation_id,dept_id, birthdate, sex, company_emailid, phone_no, houseno, street_name, city, pincode, employment_date, reporting_manager) values (1046, 'Elsworth', 'Stacee', 'Redmond', 108,10,'1997-09-21','M', 'sredmond19@topsy.com', 7071435923, 7820, 'Melrose', 'Dahe', 43256, '2021-01-06','Silvano');
insert into hrms_employee_details (emp_id, first_name, middle_name, last_name,designation_id,dept_id, birthdate, sex, company_emailid, phone_no, houseno, street_name, city, pincode, employment_date, reporting_manager) values (1047, 'Aldis', 'Tybalt', 'Huey',107,30,'1993-04-26','M','shuey1a@comsenz.com', 9587171082, 806, 'Oakridge', 'Saint-Maurice-l''Exil', 38554, '2021-05-11','Stinky');
insert into hrms_employee_details (emp_id, first_name, middle_name, last_name,designation_id,dept_id, birthdate, sex, company_emailid, phone_no, houseno, street_name, city, pincode, employment_date, reporting_manager) values (1048, 'Blythe', 'Gypsy', 'Fenelon', 106,10,'1994-11-14', 'F', 'cfenelon1b@abc.net.au', 2454599734, 30901, 'Eastwood', 'Th? Tr?n V?n Quan', 87345, '2021-09-29','Corenda');
insert into hrms_employee_details (emp_id, first_name, middle_name, last_name,designation_id,dept_id, birthdate, sex, company_emailid, phone_no, houseno, street_name, city, pincode, employment_date, reporting_manager) values (1049, 'Darby', 'Meryl', 'Gonnely', 105,80,'1996-05-11', 'M', 'lgonnely1c@homestead.com', 7784820590, 1881, 'Loeprich', 'Västerås', 72244, '2021-05-13','Liam');
insert into hrms_employee_details (emp_id, first_name, middle_name, last_name,designation_id,dept_id, birthdate, sex, company_emailid, phone_no, houseno, street_name, city, pincode, employment_date, reporting_manager) values (1050, 'Louise', 'Sharron', 'Tourner',103,80, '1998-05-26','F', 'ctourner1d@nbcnews.com', 5961733668, 9, 'Service', 'Gayam', 98765, '2021-10-12','Collete');
insert into hrms_employee_details (emp_id, first_name, middle_name, last_name,designation_id,dept_id, birthdate, sex, company_emailid, phone_no, houseno, street_name, city, pincode, employment_date, reporting_manager) values (1051, 'Loydie', 'Barnabe', 'Hovee', 105,20,'2000-06-15','M','hhovee1e@barnesandnoble.com', 3655041107, 2097, 'Milwaukee', 'Jevišovice', 67158, '2021-04-11','Harwilll');
insert into hrms_employee_details (emp_id, first_name, middle_name, last_name,designation_id,dept_id, birthdate, sex, company_emailid, phone_no, houseno, street_name, city, pincode, employment_date, reporting_manager) values (1052, 'Winnie', 'Curtice', 'Wilman', 104,40,'1993-07-13', 'M', 'kwilman1f@amazon.de', 4075339801, 29, 'Rockefeller', 'Santa Rosa',98756, '2021-02-25','Keefe');
insert into hrms_employee_details (emp_id, first_name, middle_name, last_name,designation_id,dept_id, birthdate, sex, company_emailid, phone_no, houseno, street_name, city, pincode, employment_date, reporting_manager) values (1053, 'Erinn', 'Nikoletta', 'McClelland',106,30,'1992-09-19','F', 'pmcclelland1g@altervista.org', 7932002397, 4475, 'Village Green', 'Plaridel', 72039, '2021-03-22','Prudence');
insert into hrms_employee_details (emp_id, first_name, middle_name, last_name,designation_id,dept_id, birthdate, sex, company_emailid, phone_no, houseno, street_name, city, pincode, employment_date, reporting_manager) values (1054, 'Costanza', 'Sybila', 'Dolby',104,10,'1990-04-14','F','adolby1h@telegraph.co.uk', 9029913591, 9503, 'Forster', 'Alor Setar', 05460, '2021-07-11','Ailina');
insert into hrms_employee_details (emp_id, first_name, middle_name, last_name,designation_id,dept_id, birthdate, sex, company_emailid, phone_no, houseno, street_name, city, pincode, employment_date, reporting_manager) values (1055, 'Ches', 'Aguistin', 'Walkey', 107,30,'1992-08-14','M','hwalkey1i@myspace.com', 4359896098, 95, 'South', 'Halteu', 75647, '2021-10-03','Heinrik');
insert into hrms_employee_details (emp_id, first_name, middle_name, last_name,designation_id,dept_id, birthdate, sex, company_emailid, phone_no, houseno, street_name, city, pincode, employment_date, reporting_manager) values (1056, 'Kelby', 'Maurie', 'Erridge', 106,40,'1998-07-17','M','gerridge1j@altervista.org', 1209716025, 3103, 'Jenifer', 'Corga', 49606, '2021-03-05','Gustav');
insert into hrms_employee_details (emp_id, first_name, middle_name, last_name,designation_id,dept_id, birthdate, sex, company_emailid, phone_no, houseno, street_name, city, pincode, employment_date, reporting_manager) values (1057, 'Michel', 'Ulysses', 'Cunde', 107,30,'1995-12-23','M','qcunde1k@soup.io', 3506864931, 394, 'Fordem', 'Centenario', 83079, '2021-02-24','Quincy');
insert into hrms_employee_details (emp_id, first_name, middle_name, last_name,designation_id,dept_id, birthdate, sex, company_emailid, phone_no, houseno, street_name, city, pincode, employment_date, reporting_manager) values (1058, 'Blair', 'Denis', 'Coltman', 104,40,'1992-12-13','M','wcoltman1l@google.com.au', 9648395013, 1, 'Loeprich', 'Zheleznovodsk', 35748, '2021-09-18','Winston');
insert into hrms_employee_details (emp_id, first_name, middle_name, last_name,designation_id,dept_id, birthdate, sex, company_emailid, phone_no, houseno, street_name, city, pincode, employment_date, reporting_manager) values (1059, 'Desiree', 'Adi', 'Etchells',105,70,'1994-11-17','F','eetchells1m@webnode.com', 5522176214, 04, 'West', 'Ambato Boeny', 87656, '2021-02-10','Emogene');
insert into hrms_employee_details (emp_id, first_name, middle_name, last_name,designation_id,dept_id, birthdate, sex, company_emailid, phone_no, houseno, street_name, city, pincode, employment_date, reporting_manager) values (1060, 'Liz', 'Sabrina', 'Rousell' ,108,40,'1993-11-09','F','erousell1n@google.pl', 8992527083, 7, 'Springview', 'Sidi Lamine', 87654, '2021-01-27','Emeline');
insert into hrms_employee_details (emp_id, first_name, middle_name, last_name,designation_id,dept_id, birthdate, sex, company_emailid, phone_no, houseno, street_name, city, pincode, employment_date, reporting_manager) values (1061, 'Sigismondo', 'Derick', 'Riggoll',105,20,'1999-06-22','M','briggoll1o@craigslist.org', 1277273683, 40769, 'Paget', 'Manggis', 98345, '2021-08-04','Byram');
insert into hrms_employee_details (emp_id, first_name, middle_name, last_name,designation_id,dept_id, birthdate, sex, company_emailid, phone_no, houseno, street_name, city, pincode, employment_date, reporting_manager) values (1062, 'Maxwell', 'Broderick', 'Grzegorek',104,30,'2000-07-21','M','agrzegorek1p@histats.com', 7151130960, 4, 'Vermont', 'Paihia', 02437, '2021-11-29','Aaron');
insert into hrms_employee_details (emp_id, first_name, middle_name, last_name,designation_id,dept_id, birthdate, sex, company_emailid, phone_no, houseno, street_name, city, pincode, employment_date, reporting_manager) values (1063, 'Phoebe', 'Belinda', 'Adshead', 105,70,'1993-06-25','F','gadshead1q@google.ca', 3785311264, 6, 'Miller', 'Baolong', 98765, '2021-06-15','Georgina');
insert into hrms_employee_details (emp_id, first_name, middle_name, last_name,designation_id,dept_id, birthdate, sex, company_emailid, phone_no, houseno, street_name, city, pincode, employment_date, reporting_manager) values (1064, 'Kimberley', 'Dre', 'Rubel', 104,50,'1987-06-01','F','krubel1r@eepurl.com', 2585558178, 74, 'Scoville', 'Evinayong', 12376, '2021-10-26','Kass');
insert into hrms_employee_details (emp_id, first_name, middle_name, last_name,designation_id,dept_id, birthdate, sex, company_emailid, phone_no, houseno, street_name, city, pincode, employment_date, reporting_manager) values (1065, 'Errol', 'Sandor', 'Grishukov', 106,30,'1988-10-30','M','ogrishukov1s@surveymonkey.com', 1283968351, 04247, 'Sheridan', 'Zhaolingpu', 65476, '2021-02-12','Otho');
insert into hrms_employee_details (emp_id, first_name, middle_name, last_name,designation_id,dept_id, birthdate, sex, company_emailid, phone_no, houseno, street_name, city, pincode, employment_date, reporting_manager) values (1066, 'Herrick', 'Lucas', 'Kennedy',105,30,'1986-02-15','M','dkennedy1t@amazon.co.jp', 1063863904, 82062, 'Arrowood', 'Aubergenville', 78415, '2021-11-07','Dalis');
insert into hrms_employee_details (emp_id, first_name, middle_name, last_name,designation_id,dept_id, birthdate, sex, company_emailid, phone_no, houseno, street_name, city, pincode, employment_date, reporting_manager) values (1067, 'Toby', 'Romain', 'Linskey',104,70,'1984-02-14','M','slinskey1u@cdbaby.com', 2794118244, 8272, 'Mosinee', 'Huangshanguan', 54356, '2021-12-08','Scottie');
insert into hrms_employee_details (emp_id, first_name, middle_name, last_name,designation_id,dept_id, birthdate, sex, company_emailid, phone_no, houseno, street_name, city, pincode, employment_date, reporting_manager) values (1068, 'Muffin', 'Sloane', 'Lampen',103,30,'1982-06-11','M','slampen1v@baidu.com', 9168088516, 71506, 'New Castle', 'Sollefteå', 88130, '2021-01-12','Sam');
insert into hrms_employee_details (emp_id, first_name, middle_name, last_name,designation_id,dept_id, birthdate, sex, company_emailid, phone_no, houseno, street_name, city, pincode, employment_date, reporting_manager) values (1069, 'Carney', 'Dwight', 'Rumble', 107,30,'1987-04-28','M','hrumble1w@slate.com', 5839856910, 4, 'Lien', 'Qinjiang', 87543, '2020-12-31','Hirsch');
insert into hrms_employee_details (emp_id, first_name, middle_name, last_name,designation_id,dept_id, birthdate, sex, company_emailid, phone_no, houseno, street_name, city, pincode, employment_date, reporting_manager) values (1070, 'Charlotte', 'Emmy', 'Aldrin', 107,30,'1998-01-08','F','laldrin1x@dailymotion.com', 9727646160, 732, 'Anniversary', 'Pinoma', 34047, '2021-10-15','Leticia');
insert into hrms_employee_details (emp_id, first_name, middle_name, last_name,designation_id,dept_id, birthdate, sex, company_emailid, phone_no, houseno, street_name, city, pincode, employment_date, reporting_manager) values (1071, 'Leonard', 'Carey', 'Hamilton', 106,60,'1990-05-08','M','thamilton1y@latimes.com', 4144677979, 86, 'Texas', 'Beaumont', 65437, '2021-05-04','Tome');
insert into hrms_employee_details (emp_id, first_name, middle_name, last_name,designation_id,dept_id, birthdate, sex, company_emailid, phone_no, houseno, street_name, city, pincode, employment_date, reporting_manager) values (1072, 'Linnie', 'Merry', 'Martinello',106,30,'1986-07-15','F','fmartinello1z@ca.gov', 7827612969, 092, 'Norway Maple', 'Monjarás', 98654, '2021-05-02','Flossi');
insert into hrms_employee_details (emp_id, first_name, middle_name, last_name,designation_id,dept_id, birthdate, sex, company_emailid, phone_no, houseno, street_name, city, pincode, employment_date, reporting_manager) values (1073, 'Chiquita', 'Maribeth', 'Lamdin', 108,60,'1988-01-22','F','nlamdin20@cbc.ca', 1091864436, 712, 'Di Loreto', 'Hiseti', 26578, '2021-09-15','Natalee');
insert into hrms_employee_details (emp_id, first_name, middle_name, last_name,designation_id,dept_id, birthdate, sex, company_emailid, phone_no, houseno, street_name, city, pincode, employment_date, reporting_manager) values (1074, 'Augy', 'Wyatan', 'Lindman',103,80, '1987-12-30','M','mlindman21@state.gov', 5012110526, 046, 'Cardinal', 'Aubagne', 13681, '2021-05-14','Marco');
insert into hrms_employee_details (emp_id, first_name, middle_name, last_name,designation_id,dept_id, birthdate, sex, company_emailid, phone_no, houseno, street_name, city, pincode, employment_date, reporting_manager) values (1075, 'Nannette', 'Lindsay', 'Pietruszka',108,60,'1998-04-20','F','cpietruszka22@histats.com', 4547193390, 26392, 'Pepper Wood', 'Ratíškovice',69602, '2020-12-18', 'Carita');
insert into hrms_employee_details (emp_id, first_name, middle_name, last_name,designation_id,dept_id, birthdate, sex, company_emailid, phone_no, houseno, street_name, city, pincode, employment_date, reporting_manager) values (1076, 'Gussie', 'Lenka', 'Callow', 106,80,'1987-06-08', 'F','ecallow23@fc2.com', 9207518861, 41, 'Karstens', 'Lindesberg', 71182, '2021-09-03','Elyse');
insert into hrms_employee_details (emp_id, first_name, middle_name, last_name,designation_id,dept_id, birthdate, sex, company_emailid, phone_no, houseno, street_name, city, pincode, employment_date, reporting_manager) values (1077, 'Laney', 'Kalila', 'Bubbings', 105,50,'1978-04-26','F','ybubbings24@army.mil', 1784056652, 9854, 'Marcy', 'Knežica', 87654, '2021-11-13','Yelena');
insert into hrms_employee_details (emp_id, first_name, middle_name, last_name,designation_id,dept_id, birthdate, sex, company_emailid, phone_no, houseno, street_name, city, pincode, employment_date, reporting_manager) values (1078, 'Liuka', 'Marnie', 'Marking',106,30,'1965-02-28','F','fmarking25@hc360.com', 4245316166, 15572, 'Swallow', 'Upata', 32768, '2021-11-14','Ferdinande');
insert into hrms_employee_details (emp_id, first_name, middle_name, last_name,designation_id,dept_id, birthdate, sex, company_emailid, phone_no, houseno, street_name, city, pincode, employment_date, reporting_manager) values (1079, 'Melicent', 'Jenifer', 'Ketteridge',105,80,'1987-01-05','F','vketteridge26@ustream.tv', 8444734423, 13751, 'Artisan', 'Tireman Timur', 43786, '2021-09-03','Veriee');
insert into hrms_employee_details (emp_id, first_name, middle_name, last_name,designation_id,dept_id, birthdate, sex, company_emailid, phone_no, houseno, street_name, city, pincode, employment_date, reporting_manager) values (1080, 'Carny', 'Cesaro', 'Saenz', 107,30,'1989-04-24','M','gsaenz27@stumbleupon.com',9264146501, 1673, 'Maple', 'Klemunan', 78954, '2021-11-18','Gary');
insert into hrms_employee_details (emp_id, first_name, middle_name, last_name,designation_id,dept_id, birthdate, sex, company_emailid, phone_no, houseno, street_name, city, pincode, employment_date, reporting_manager) values (1081, 'Charmaine', 'Daile', 'Parlett',105,50,'1998-02-24','F','kparlett28@opera.com', 6238674478, 40, 'Tomscot', 'Guadalupe', 10801, '2021-08-27','Katleen');
insert into hrms_employee_details (emp_id, first_name, middle_name, last_name,designation_id,dept_id, birthdate, sex, company_emailid, phone_no, houseno, street_name, city, pincode, employment_date, reporting_manager) values (1082, 'Ardisj', 'Crin', 'Chinn', 103,30,'2000-06-19','F','dchinn29@mit.edu', 6796042530, 705, 'Oneill', 'Elbasan',43576, '2021-03-20','Dinah');
insert into hrms_employee_details (emp_id, first_name, middle_name, last_name,designation_id,dept_id, birthdate, sex, company_emailid, phone_no, houseno, street_name, city, pincode, employment_date, reporting_manager) values (1083, 'Fields', 'Herby', 'Di Biasio', 104,70,'1986-05-14','M','pdibiasio2a@sciencedirect.com', 4862209852, 43799, '1st', 'Paris 02', 75080, '2021-12-14','Paxon');
insert into hrms_employee_details (emp_id, first_name, middle_name, last_name,designation_id,dept_id, birthdate, sex, company_emailid, phone_no, houseno, street_name, city, pincode, employment_date, reporting_manager) values (1084, 'Vaughn', 'Consalve', 'Domeney', 107,20,'1965-10-02','M','mdomeney2b@jimdo.com', 2711158806, 6, 'Thierer', 'Da?oguz', 34563, '2021-02-18', 'Mattie');
insert into hrms_employee_details (emp_id, first_name, middle_name, last_name,designation_id,dept_id, birthdate, sex, company_emailid, phone_no, houseno, street_name, city, pincode, employment_date, reporting_manager) values (1085, 'Gabie', 'Xymenes', 'Scurrey', 106,30,'1976-07-29','M','hscurrey2c@yelp.com', 2348383973, 3, 'Northwestern', 'Villa Florida', 87654, '2021-07-15','Hillel');
insert into hrms_employee_details (emp_id, first_name, middle_name, last_name,designation_id,dept_id, birthdate, sex, company_emailid, phone_no, houseno, street_name, city, pincode, employment_date, reporting_manager) values (1086, 'Robenia', 'George', 'Constantine',104,60,'1975-02-12','F','aconstantine2d@devhub.com', 4382387700, 1223, 'Maywood', 'Sidaurip', 34567, '2021-01-06','Avivah');
insert into hrms_employee_details (emp_id, first_name, middle_name, last_name,designation_id,dept_id, birthdate, sex, company_emailid, phone_no, houseno, street_name, city, pincode, employment_date, reporting_manager) values (1087, 'Ethelda', 'Minta', 'Syversen', 105,30,'1987-02-10','F','ssyversen2e@4shared.com', 5684130407, 64110, 'Esker', 'Darmasari', 65467, '2021-10-21','Shayna');
insert into hrms_employee_details (emp_id, first_name, middle_name, last_name,designation_id,dept_id, birthdate, sex, company_emailid, phone_no, houseno, street_name, city, pincode, employment_date, reporting_manager) values (1088, 'Ofelia', 'Karena', 'Karolczyk', 103,80,'1967-03-09','F','kkarolczyk2f@bizjournals.com', 3413081341, 4298, 'Kenwood', 'Krzemienica', 37127, '2021-10-15','Kathie');
insert into hrms_employee_details (emp_id, first_name, middle_name, last_name,designation_id,dept_id, birthdate, sex, company_emailid, phone_no, houseno, street_name, city, pincode, employment_date, reporting_manager) values (1089, 'Clayton', 'Gabie', 'Allcoat',106,30,'1987-01-06','M','jallcoat2g@pcworld.com', 7454578404, 8896, 'Fuller', 'Vogan', 65687, '2021-07-17', 'Josh');
insert into hrms_employee_details (emp_id, first_name, middle_name, last_name,designation_id,dept_id, birthdate, sex, company_emailid, phone_no, houseno, street_name, city, pincode, employment_date, reporting_manager) values (1090, 'Giselbert', 'Stern', 'Bracken', 104,80,'1989-09-22','M','pbracken2h@abc.net.au', 3531685213, 5, 'Meadow Valley', 'Hudiksvall', 82426, '2021-07-29','Pascal');
insert into hrms_employee_details (emp_id, first_name, middle_name, last_name,designation_id,dept_id, birthdate, sex, company_emailid, phone_no, houseno, street_name, city, pincode, employment_date, reporting_manager) values (1091, 'Salem', 'Rudy', 'Scotting', 108,20,'1987-12-07','M','bscotting2i@cnbc.com', 5275922528, 3387, 'Jana', 'Épernay', 51209, '2021-05-12','Barron');
insert into hrms_employee_details (emp_id, first_name, middle_name, last_name,designation_id,dept_id, birthdate, sex, company_emailid, phone_no, houseno, street_name, city, pincode, employment_date, reporting_manager) values (1092, 'Dana', 'Camila', 'Tinkler',106,30,'1987-09-11','F','ftinkler2j@multiply.com', 9402640404, 02379, 'Kennedy', 'Srostki', 65937, '2021-12-04','Faun');
insert into hrms_employee_details (emp_id, first_name, middle_name, last_name,designation_id,dept_id, birthdate, sex, company_emailid, phone_no, houseno, street_name, city, pincode, employment_date, reporting_manager) values (1093, 'Kinsley', 'Artemas', 'Scarrisbrick',104,70,'1996-10-06','M','rscarrisbrick2k@ft.com', 5918592914, 7, 'Summit', 'Jatirogo', 87654, '2021-11-26','Rodolph');
insert into hrms_employee_details (emp_id, first_name, middle_name, last_name,designation_id,dept_id, birthdate, sex, company_emailid, phone_no, houseno, street_name, city, pincode, employment_date, reporting_manager) values (1094, 'Gabbi', 'Christy', 'Loakes', 101,40,'1965-01-24','F','floakes2l@reverbnation.com', 7206878538, 300, 'Springview', 'San Fernando Apure', 56456, '2021-01-20','Faustine');
insert into hrms_employee_details (emp_id, first_name, middle_name, last_name,designation_id,dept_id, birthdate, sex, company_emailid, phone_no, houseno, street_name, city, pincode, employment_date, reporting_manager) values (1095, 'Nevsa', 'Ilse', 'Eilhermann',101,40, '1978-08-29','F','aeilhermann2m@army.mil', 1343527740, 9, 'Tomscot', 'Gualaceo', 45678, '2021-04-13', 'Amanda');
insert into hrms_employee_details (emp_id, first_name, middle_name, last_name,designation_id,dept_id, birthdate, sex, company_emailid, phone_no, houseno, street_name, city, pincode, employment_date, reporting_manager) values (1096, 'Udale', 'Leon', 'Abraham', 101,40,'1986-09-17','M','wabraham2n@oaic.gov.au', 2072902006, 829, 'Jenifer', 'Cachoeiras de Macacu', 28680, '2021-01-04','West');
insert into hrms_employee_details (emp_id, first_name, middle_name, last_name,designation_id,dept_id, birthdate, sex, company_emailid, phone_no, houseno, street_name, city, pincode, employment_date, reporting_manager) values (1097, 'Timmi', 'Maryjo', 'Gisbey',106,30,'1967-06-24','F','sgisbey2o@reference.com', 4238658730, 44753, 'Florence', 'Kopen', 56789, '2021-07-30','Siusan');
insert into hrms_employee_details (emp_id, first_name, middle_name, last_name,designation_id,dept_id, birthdate, sex, company_emailid, phone_no, houseno, street_name, city, pincode, employment_date, reporting_manager) values (1098, 'Anna-diane', 'Lida', 'Wendover',106,30,'1987-01-28','F','hwendover2p@booking.com', 7041581130, 889, 'Longview', 'Radenkovi?', 65456, '2021-03-24','Helena');
insert into hrms_employee_details (emp_id, first_name, middle_name, last_name,designation_id,dept_id, birthdate, sex, company_emailid, phone_no, houseno, street_name, city, pincode, employment_date, reporting_manager) values (1099, 'Lydon', 'Jerrome', 'Kernley', 101,40,'1984-02-01','M','ykernley2q@weebly.com', 4459368191, 5, 'Northwestern', 'Rozsypne', 45674, '2021-05-30', 'Yank');
insert into hrms_employee_details (emp_id, first_name, middle_name, last_name,designation_id,dept_id, birthdate, sex, company_emailid, phone_no, houseno, street_name, city, pincode, employment_date, reporting_manager) values(1100, 'Silvie', 'Minta', 'Ainslee', 106,30,'1995-04-22','F','jainslee2r@whitehouse.gov', 5834841991, 27831, 'Weeping Birch', 'Chancay', 09876, '2021-07-19','Janessa');

insert into hrms_employee_projects (emp_id, project_id, project_startdate, project_enddate, project_status) values (1001, 'RD1', '2019-04-21', '2021-06-07','Complete');
insert into hrms_employee_projects (emp_id, project_id, project_startdate, project_enddate, project_status) values (1020, 'RD2', '2019-04-17', '2021-12-07','Inprogress');
insert into hrms_employee_projects (emp_id, project_id, project_startdate, project_enddate, project_status) values (1034, 'FN3', '2018-10-11', '2021-05-18','Complete');
insert into hrms_employee_projects (emp_id, project_id, project_startdate, project_enddate, project_status) values (1054, 'FN1', '2020-09-15', '2021-10-11','Complete');
insert into hrms_employee_projects (emp_id, project_id, project_startdate, project_enddate, project_status) values (1006, 'P4' ,'2020-03-31', '2021-06-15','Inprogress');
insert into hrms_employee_projects (emp_id, project_id, project_startdate, project_enddate, project_status) values (1078, 'RD6', '2020-08-10', '2021-06-22','Complete');
insert into hrms_employee_projects (emp_id, project_id, project_startdate, project_enddate, project_status) values (1098, 'A7', '2020-02-04', '2021-10-29','Complete');
insert into hrms_employee_projects (emp_id, project_id, project_startdate, project_enddate, project_status) values (1100, 'RD8', '2019-01-01', '2021-04-09','Inprogress');
insert into hrms_employee_projects (emp_id, project_id, project_startdate, project_enddate, project_status) values (1078, 'A9', '2019-01-15', '2021-02-10','Complete');
insert into hrms_employee_projects (emp_id, project_id, project_startdate, project_enddate, project_status) values (1012, 'RD8', '2020-07-12', '2021-03-30','Inprogress');
insert into hrms_employee_projects (emp_id, project_id, project_startdate, project_enddate, project_status) values (1011, 'O1', '2020-07-15', '2020-12-23','Complete');
insert into hrms_employee_projects (emp_id, project_id, project_startdate, project_enddate, project_status) values (1045, 'FN2', '2020-08-30', '2021-05-17','Inprogress');
insert into hrms_employee_projects (emp_id, project_id, project_startdate, project_enddate, project_status) values (1076, 'RD3', '2020-06-16', '2021-01-21','Complete');
insert into hrms_employee_projects (emp_id, project_id, project_startdate, project_enddate, project_status) values (1046, 'P4', '2020-04-26', '2021-09-14','Inprogress');
insert into hrms_employee_projects (emp_id, project_id, project_startdate, project_enddate, project_status) values (1027, 'A1', '2020-03-27', '2021-09-22','Complete');
insert into hrms_employee_projects (emp_id, project_id, project_startdate, project_enddate, project_status) values (1018, 'FN6', '2019-10-18', '2021-03-21','Inprogress');
insert into hrms_employee_projects (emp_id, project_id, project_startdate, project_enddate, project_status) values (1028, 'P7', '2015-10-25', '2021-08-03','Inprogress');
insert into hrms_employee_projects (emp_id, project_id, project_startdate, project_enddate, project_status) values (1094, 'A8', '2018-07-15', '2021-11-08','Inprogress');
insert into hrms_employee_projects (emp_id, project_id, project_startdate, project_enddate, project_status) values (1090, 'A9', '2019-11-03', '2021-10-31','Inprogress');
insert into hrms_employee_projects (emp_id, project_id, project_startdate, project_enddate, project_status) values (1070, 'A2', '2018-09-05', '2021-05-26','Inprogress');
insert into hrms_employee_projects (emp_id, project_id, project_startdate, project_enddate, project_status) values (1054, 'A21', '2017-05-15', '2020-12-20','Complete');
insert into hrms_employee_projects (emp_id, project_id, project_startdate, project_enddate, project_status) values (1050, 'O22', '2019-10-06', '2021-12-06','Inprogress');
insert into hrms_employee_projects (emp_id, project_id, project_startdate, project_enddate, project_status) values (1066, 'A3', '2020-01-13', '2021-04-26','Complete');
insert into hrms_employee_projects (emp_id, project_id, project_startdate, project_enddate, project_status) values (1060, 'O4', '2020-01-31', '2021-12-07','Inprogress');
insert into hrms_employee_projects (emp_id, project_id, project_startdate, project_enddate, project_status) values (1039, 'RD5', '2020-03-28', '2021-08-10','Inprogress');
insert into hrms_employee_projects (emp_id, project_id, project_startdate, project_enddate, project_status) values (1079, 'O6', '2020-01-18', '2021-06-03','Complete');
insert into hrms_employee_projects (emp_id, project_id, project_startdate, project_enddate, project_status) values (1056, 'P7', '2021-11-11', '2021-09-05','Inprogress');
insert into hrms_employee_projects (emp_id, project_id, project_startdate, project_enddate, project_status) values (1049, 'O8', '2017-01-03', '2021-03-07','Inprogress');
insert into hrms_employee_projects (emp_id, project_id, project_startdate, project_enddate, project_status) values (1023, 'O9', '2018-08-13', '2021-02-05','Complete');
insert into hrms_employee_projects (emp_id, project_id, project_startdate, project_enddate, project_status) values (1039, 'O3', '2017-04-29', '2021-06-27','Complete');
insert into hrms_employee_projects (emp_id, project_id, project_startdate, project_enddate, project_status) values (1008, 'FN1', '2020-09-02', '2021-06-14','Complete');
insert into hrms_employee_projects (emp_id, project_id, project_startdate, project_enddate, project_status) values (1002, 'O2', '2020-02-11', '2021-01-16','Inprogress');
insert into hrms_employee_projects (emp_id, project_id, project_startdate, project_enddate, project_status) values (1045, 'FN3', '2020-01-14', '2021-10-02','Inprogress');
insert into hrms_employee_projects (emp_id, project_id, project_startdate, project_enddate, project_status) values (1070, 'O4', '2020-11-28', '2021-07-12','Inprogress');
insert into hrms_employee_projects (emp_id, project_id, project_startdate, project_enddate, project_status) values (1010, 'FN5', '2020-12-24', '2021-08-08','Inprogress');
insert into hrms_employee_projects (emp_id, project_id, project_startdate, project_enddate, project_status) values (1100, 'O3', '2020-09-06', '2020-12-27','Inprogress');
insert into hrms_employee_projects (emp_id, project_id, project_startdate, project_enddate, project_status) values (1076, 'P7', '2020-11-13', '2020-12-26','Inprogress');
insert into hrms_employee_projects (emp_id, project_id, project_startdate, project_enddate, project_status) values (1085, 'FN8', '2020-07-30', '2021-06-12','Inprogress');
insert into hrms_employee_projects (emp_id, project_id, project_startdate, project_enddate, project_status) values (1092, 'O9', '2020-02-24', '2021-08-31','Complete');
insert into hrms_employee_projects (emp_id, project_id, project_startdate, project_enddate, project_status) values (1004, 'P4', '2020-05-27', '2021-12-01','Inprogress');
insert into hrms_employee_projects (emp_id, project_id, project_startdate, project_enddate, project_status) values (1046, 'P3', '2020-08-11', '2021-10-04','Complete');
insert into hrms_employee_projects (emp_id, project_id, project_startdate, project_enddate, project_status) values (1028, 'O4', '2018-11-22', '2021-12-10','Inprogress');
insert into hrms_employee_projects (emp_id, project_id, project_startdate, project_enddate, project_status) values (1024, 'FN4', '2020-11-02', '2021-10-09','Inprogress');
insert into hrms_employee_projects (emp_id, project_id, project_startdate, project_enddate, project_status) values (1022, 'RD8', '2020-04-24', '2021-04-01','Inprogress');
insert into hrms_employee_projects (emp_id, project_id, project_startdate, project_enddate, project_status) values (1021, 'O5', '2020-08-15', '2021-03-09','Inprogress');
insert into hrms_employee_projects (emp_id, project_id, project_startdate, project_enddate, project_status) values (1020, 'FN6', '2020-12-29', '2021-11-17','Inprogress');
insert into hrms_employee_projects (emp_id, project_id, project_startdate, project_enddate, project_status) values (1039, 'RD7', '2020-12-23', '2021-03-30','Complete');
insert into hrms_employee_projects (emp_id, project_id, project_startdate, project_enddate, project_status) values (1078, 'O8', '2018-08-11', '2021-10-04','Inprogress');
insert into hrms_employee_projects (emp_id, project_id, project_startdate, project_enddate, project_status) values (1085, 'A9', '2019-01-25', '2021-07-14','Inprogress');
insert into hrms_employee_projects (emp_id, project_id, project_startdate, project_enddate, project_status) values (1073, 'P5', '2020-08-02', '2021-11-23','Inprogress');
insert into hrms_employee_projects (emp_id, project_id, project_startdate, project_enddate, project_status) values (1085, 'RD5', '2020-02-19', '2021-03-04','Inprogress');
insert into hrms_employee_projects (emp_id, project_id, project_startdate, project_enddate, project_status) values (1025, 'RD2', '2020-01-22', '2021-03-02','Inprogress');
insert into hrms_employee_projects (emp_id, project_id, project_startdate, project_enddate, project_status) values (1063, 'A5', '2020-09-23', '2021-11-21','Inprogress');
insert into hrms_employee_projects (emp_id, project_id, project_startdate, project_enddate, project_status) values (1090, 'A5', '2020-08-03', '2021-01-11','Complete');
insert into hrms_employee_projects (emp_id, project_id, project_startdate, project_enddate, project_status) values (1048, 'FN5', '2020-08-17', '2021-08-28','Inprogress');
insert into hrms_employee_projects (emp_id, project_id, project_startdate, project_enddate, project_status) values (1071, 'O5','2020-08-24', '2020-12-26','Inprogress');
insert into hrms_employee_projects (emp_id, project_id, project_startdate, project_enddate, project_status) values (1093, 'P7', '2018-02-04', '2021-06-21','Inprogress');
insert into hrms_employee_projects (emp_id, project_id, project_startdate, project_enddate, project_status) values (1094, 'A3', '2019-09-19', '2021-04-03','Inprogress');
insert into hrms_employee_projects (emp_id, project_id, project_startdate, project_enddate, project_status) values (1050, 'P9', '2020-04-09', '2021-06-04','Inprogress');
insert into hrms_employee_projects (emp_id, project_id, project_startdate, project_enddate, project_status) values (1062, 'O6', '2020-02-23', '2021-04-19','Inprogress');
insert into hrms_employee_projects (emp_id, project_id, project_startdate, project_enddate, project_status) values (1066, 'RD6', '2020-04-26', '2021-03-21','Inprogress');
insert into hrms_employee_projects (emp_id, project_id, project_startdate, project_enddate, project_status) values (1043, 'O6', '2020-05-24', '2021-11-07','Inprogress');
insert into hrms_employee_projects (emp_id, project_id, project_startdate, project_enddate, project_status) values (1098, 'FN6', '2020-04-21', '2021-09-08','Inprogress');
insert into hrms_employee_projects (emp_id, project_id, project_startdate, project_enddate, project_status) values (1032, 'O6', '2019-07-20', '2021-10-17','Inprogress');
insert into hrms_employee_projects (emp_id, project_id, project_startdate, project_enddate, project_status) values (1090, 'P6', '2018-01-31', '2021-03-15','Inprogress');
insert into hrms_employee_projects (emp_id, project_id, project_startdate, project_enddate, project_status) values (1020, 'FN4', '2020-09-20', '2021-01-10','Inprogress');
insert into hrms_employee_projects (emp_id, project_id, project_startdate, project_enddate, project_status) values (1021, 'RD7', '2020-04-06', '2021-12-07','Inprogress');
insert into hrms_employee_projects (emp_id, project_id, project_startdate, project_enddate, project_status) values (1085, 'O6', '2020-07-11', '2021-11-24','Complete');
insert into hrms_employee_projects (emp_id, project_id, project_startdate, project_enddate, project_status) values (1032, 'FN9', '2018-06-01', '2020-12-22','Inprogress');
insert into hrms_employee_projects (emp_id, project_id, project_startdate, project_enddate, project_status) values (1054, 'A7', '2017-09-19', '2021-02-02','Inprogress');
insert into hrms_employee_projects (emp_id, project_id, project_startdate, project_enddate, project_status) values (1089, 'P7', '2020-10-21', '2021-04-13','Complete');
insert into hrms_employee_projects (emp_id, project_id, project_startdate, project_enddate, project_status) values (1056, 'O7', '2020-11-12', '2021-02-04','Inprogress');
insert into hrms_employee_projects (emp_id, project_id, project_startdate, project_enddate, project_status) values (1072, 'P7', '2020-11-24', '2021-05-09','Inprogress');
insert into hrms_employee_projects (emp_id, project_id, project_startdate, project_enddate, project_status) values (1012, 'A9', '2016-02-14', '2021-01-14','Inprogress');
insert into hrms_employee_projects (emp_id, project_id, project_startdate, project_enddate, project_status) values (1075, 'A7', '2018-05-18', '2021-01-21','Inprogress');
insert into hrms_employee_projects (emp_id, project_id, project_startdate, project_enddate, project_status) values (1010, 'P7', '2014-08-04', '2020-12-15','Inprogress');
insert into hrms_employee_projects (emp_id, project_id, project_startdate, project_enddate, project_status) values (1089, 'FN7', '2019-02-26', '2021-02-15','Complete');
insert into hrms_employee_projects (emp_id, project_id, project_startdate, project_enddate, project_status) values (1012, 'RD3', '2017-09-27', '2021-06-12','Inprogress');
insert into hrms_employee_projects (emp_id, project_id, project_startdate, project_enddate, project_status) values (1034, 'O9', '2018-04-01', '2021-04-26','Inprogress');
insert into hrms_employee_projects (emp_id, project_id, project_startdate, project_enddate, project_status) values (1045, 'A8', '2020-11-16', '2021-06-13','Inprogress');
insert into hrms_employee_projects (emp_id, project_id, project_startdate, project_enddate, project_status) values (1063, 'FN8', '2020-03-10', '2021-11-04','Inprogress');
insert into hrms_employee_projects (emp_id, project_id, project_startdate, project_enddate, project_status) values (1051, 'RD8', '2020-09-01', '2021-05-10','Inprogress');
insert into hrms_employee_projects (emp_id, project_id, project_startdate, project_enddate, project_status) values (1043, 'O8', '2020-01-20', '2021-08-03','Inprogress');
insert into hrms_employee_projects (emp_id, project_id, project_startdate, project_enddate, project_status) values (1023, 'A3', '2019-07-31', '2021-10-17','Inprogress');
insert into hrms_employee_projects (emp_id, project_id, project_startdate, project_enddate, project_status) values (1034, 'O8', '2018-10-31', '2021-08-07','Inprogress');
insert into hrms_employee_projects (emp_id, project_id, project_startdate, project_enddate, project_status) values (1043, 'FN8', '2016-08-28', '2021-01-24','Inprogress');
insert into hrms_employee_projects (emp_id, project_id, project_startdate, project_enddate, project_status) values (1074, 'P6', '2020-10-12', '2020-12-21','Inprogress');
insert into hrms_employee_projects (emp_id, project_id, project_startdate, project_enddate, project_status) values (1025, 'FN8', '2020-12-10', '2021-08-12','Inprogress');
insert into hrms_employee_projects (emp_id, project_id, project_startdate, project_enddate, project_status) values (1031, 'FN9', '2020-04-25', '2020-12-24','Complete');
insert into hrms_employee_projects (emp_id, project_id, project_startdate, project_enddate, project_status) values (1039, 'O9', '2020-12-24', '2021-05-14','Inprogress');
insert into hrms_employee_projects (emp_id, project_id, project_startdate, project_enddate, project_status) values (1043, 'O9', '2019-05-15', '2021-05-16','Inprogress');
insert into hrms_employee_projects (emp_id, project_id, project_startdate, project_enddate, project_status) values (1010, 'O2', '2017-01-18', '2021-06-14','Inprogress');
insert into hrms_employee_projects (emp_id, project_id, project_startdate, project_enddate, project_status) values (1031, 'P3', '2018-10-07', '2021-06-26','Inprogress');
insert into hrms_employee_projects (emp_id, project_id, project_startdate, project_enddate, project_status) values (1082, 'FN4', '2019-06-05', '2021-06-12','Complete');
insert into hrms_employee_projects (emp_id, project_id, project_startdate, project_enddate, project_status) values (1094, 'RD5', '2020-10-10', '2021-05-05','Inprogress');
insert into hrms_employee_projects (emp_id, project_id, project_startdate, project_enddate, project_status) values (1009, 'O9', '2020-05-11', '2021-07-14','Inprogress');
insert into hrms_employee_projects (emp_id, project_id, project_startdate, project_enddate, project_status) values (1087, 'RD7', '2020-04-07', '2021-03-08','Complete');
insert into hrms_employee_projects (emp_id, project_id, project_startdate, project_enddate, project_status) values (1031, 'A8', '2019-12-23', '2021-04-10','Inprogress');
insert into hrms_employee_projects (emp_id, project_id, project_startdate, project_enddate, project_status) values (1029, 'FN9', '2020-02-16', '2021-04-11','Complete');
insert into hrms_employee_projects (emp_id, project_id, project_startdate, project_enddate, project_status) values (1006, 'RD10', '2020-04-17', '2021-05-07','Complete');


insert into hrms_employee_salary (salary_id,emp_id,taxable,loans,insurance) values (200, 1001,'yes','no','yes');
insert into hrms_employee_salary (salary_id,emp_id,taxable,loans,insurance) values (202, 1002,'yes','no','no');
insert into hrms_employee_salary (salary_id,emp_id,taxable,loans,insurance) values (203, 1003,'yes','no','no');
insert into hrms_employee_salary (salary_id,emp_id,taxable,loans,insurance) values (204, 1004,'no','no','no');
insert into hrms_employee_salary (salary_id,emp_id,taxable,loans,insurance) values (205, 1005,'yes','yes','yes');
insert into hrms_employee_salary (salary_id,emp_id,taxable,loans,insurance) values (206, 1006,'yes','no','yes');
insert into hrms_employee_salary (salary_id,emp_id,taxable,loans,insurance) values (207, 1007,'yes','no','yes');
insert into hrms_employee_salary (salary_id,emp_id,taxable,loans,insurance) values (208, 1008,'yes','no','yes');
insert into hrms_employee_salary (salary_id,emp_id,taxable,loans,insurance) values (209, 1009,'yes','no','no');
insert into hrms_employee_salary (salary_id,emp_id,taxable,loans,insurance) values (210, 1010,'yes','no','no');
insert into hrms_employee_salary (salary_id,emp_id,taxable,loans,insurance) values (211, 1011,'yes','no','no');
insert into hrms_employee_salary (salary_id,emp_id,taxable,loans,insurance) values (212, 1012,'yes','no','yes');
insert into hrms_employee_salary (salary_id,emp_id,taxable,loans,insurance) values (213, 1013,'yes','no','yes');
insert into hrms_employee_salary (salary_id,emp_id,taxable,loans,insurance) values (214, 1014,'no','no','no');
insert into hrms_employee_salary (salary_id,emp_id,taxable,loans,insurance) values (215, 1015,'yes','yes','yes');
insert into hrms_employee_salary (salary_id,emp_id,taxable,loans,insurance) values (216, 1016,'yes','no','yes');
insert into hrms_employee_salary (salary_id,emp_id,taxable,loans,insurance) values (217, 1017,'yes','no','no');
insert into hrms_employee_salary (salary_id,emp_id,taxable,loans,insurance) values (218, 1018,'yes','no','yes');
insert into hrms_employee_salary (salary_id,emp_id,taxable,loans,insurance) values (219, 1019,'no','no','no');
insert into hrms_employee_salary (salary_id,emp_id,taxable,loans,insurance) values (220, 1020,'no','no','no');
insert into hrms_employee_salary (salary_id,emp_id,taxable,loans,insurance) values (221, 1021,'no','yes','yes');
insert into hrms_employee_salary (salary_id,emp_id,taxable,loans,insurance) values (222, 1022,'yes','no','no');
insert into hrms_employee_salary (salary_id,emp_id,taxable,loans,insurance) values (223, 1023,'yes','no','no');
insert into hrms_employee_salary (salary_id,emp_id,taxable,loans,insurance) values (224, 1024,'yes','no','yes');
insert into hrms_employee_salary (salary_id,emp_id,taxable,loans,insurance) values (225, 1025,'no','no','no');
insert into hrms_employee_salary (salary_id,emp_id,taxable,loans,insurance) values (226, 1026,'yes','no','yes');
insert into hrms_employee_salary (salary_id,emp_id,taxable,loans,insurance) values (227, 1027,'no','yes','yes');
insert into hrms_employee_salary (salary_id,emp_id,taxable,loans,insurance) values (228, 1028,'yes','no','yes');
insert into hrms_employee_salary (salary_id,emp_id,taxable,loans,insurance) values (229, 1029,'yes','yes','yes');
insert into hrms_employee_salary (salary_id,emp_id,taxable,loans,insurance) values (230, 1030,'yes','no','no');
insert into hrms_employee_salary (salary_id,emp_id,taxable,loans,insurance) values (231, 1031,'yes','yes','yes');
insert into hrms_employee_salary (salary_id,emp_id,taxable,loans,insurance) values (232, 1032,'yes','no','no');
insert into hrms_employee_salary (salary_id,emp_id,taxable,loans,insurance) values (233, 1033,'yes','no','yes');
insert into hrms_employee_salary (salary_id,emp_id,taxable,loans,insurance) values (234, 1034,'no','no','no');
insert into hrms_employee_salary (salary_id,emp_id,taxable,loans,insurance) values (235, 1035,'yes','no','no');
insert into hrms_employee_salary (salary_id,emp_id,taxable,loans,insurance) values (236, 1036,'yes','yes','yes');
insert into hrms_employee_salary (salary_id,emp_id,taxable,loans,insurance) values (237, 1037,'yes','no','yes');
insert into hrms_employee_salary (salary_id,emp_id,taxable,loans,insurance) values (238, 1038,'yes','no','no');
insert into hrms_employee_salary (salary_id,emp_id,taxable,loans,insurance) values (239, 1039,'no','no','yes');
insert into hrms_employee_salary (salary_id,emp_id,taxable,loans,insurance) values (240, 1040,'no','no','no');
insert into hrms_employee_salary (salary_id,emp_id,taxable,loans,insurance) values (241, 1041,'yes','no','no');
insert into hrms_employee_salary (salary_id,emp_id,taxable,loans,insurance) values (242, 1042,'yes','no','yes');
insert into hrms_employee_salary (salary_id,emp_id,taxable,loans,insurance) values (243, 1043,'yes','no','no');
insert into hrms_employee_salary (salary_id,emp_id,taxable,loans,insurance) values (244, 1044,'yes','yes','yes');
insert into hrms_employee_salary (salary_id,emp_id,taxable,loans,insurance) values (245, 1045,'yes','no','no');
insert into hrms_employee_salary (salary_id,emp_id,taxable,loans,insurance) values (246, 1046,'yes','yes','yes');
insert into hrms_employee_salary (salary_id,emp_id,taxable,loans,insurance) values (247, 1047,'yes','no','yes');
insert into hrms_employee_salary (salary_id,emp_id,taxable,loans,insurance) values (248, 1048,'yes','yes','yes');
insert into hrms_employee_salary (salary_id,emp_id,taxable,loans,insurance) values (249, 1049,'yes','no','no');
insert into hrms_employee_salary (salary_id,emp_id,taxable,loans,insurance) values (250, 1050,'yes','yes','yes');
insert into hrms_employee_salary (salary_id,emp_id,taxable,loans,insurance) values (251, 1051,'no','yes','yes');
insert into hrms_employee_salary (salary_id,emp_id,taxable,loans,insurance) values (252, 1052,'yes','yes','yes');
insert into hrms_employee_salary (salary_id,emp_id,taxable,loans,insurance) values (253, 1053,'yes','no','no');
insert into hrms_employee_salary (salary_id,emp_id,taxable,loans,insurance) values (254, 1054,'yes','yes','no');
insert into hrms_employee_salary (salary_id,emp_id,taxable,loans,insurance) values (255, 1055,'yes','no','yes');
insert into hrms_employee_salary (salary_id,emp_id,taxable,loans,insurance) values (256, 1056,'no','yes','yes');
insert into hrms_employee_salary (salary_id,emp_id,taxable,loans,insurance) values (257, 1057,'yes','yes','yes');
insert into hrms_employee_salary (salary_id,emp_id,taxable,loans,insurance) values (258, 1058,'yes','no','no');
insert into hrms_employee_salary (salary_id,emp_id,taxable,loans,insurance) values (259, 1059,'yes','no','yes');
insert into hrms_employee_salary (salary_id,emp_id,taxable,loans,insurance) values (260, 1060,'yes','yes','yes');
insert into hrms_employee_salary (salary_id,emp_id,taxable,loans,insurance) values (261, 1061,'no','yes','yes');
insert into hrms_employee_salary (salary_id,emp_id,taxable,loans,insurance) values (262, 1062,'yes','yes','yes');
insert into hrms_employee_salary (salary_id,emp_id,taxable,loans,insurance) values (263, 1063,'yes','yes','no');
insert into hrms_employee_salary (salary_id,emp_id,taxable,loans,insurance) values (264, 1064,'no','yes','yes');
insert into hrms_employee_salary (salary_id,emp_id,taxable,loans,insurance) values (265, 1065,'no','no','no');
insert into hrms_employee_salary (salary_id,emp_id,taxable,loans,insurance) values (266, 1066,'yes','no','yes');
insert into hrms_employee_salary (salary_id,emp_id,taxable,loans,insurance) values (267, 1067,'no','no','no');
insert into hrms_employee_salary (salary_id,emp_id,taxable,loans,insurance) values (268, 1068,'yes','yes','no');
insert into hrms_employee_salary (salary_id,emp_id,taxable,loans,insurance) values (269, 1069,'no','no','no');
insert into hrms_employee_salary (salary_id,emp_id,taxable,loans,insurance) values (270, 1070,'no','yes','no');
insert into hrms_employee_salary (salary_id,emp_id,taxable,loans,insurance) values (271, 1071,'yes','no','no');
insert into hrms_employee_salary (salary_id,emp_id,taxable,loans,insurance) values (272, 1072,'yes','no','yes');
insert into hrms_employee_salary (salary_id,emp_id,taxable,loans,insurance) values (273, 1073,'no','no','no');
insert into hrms_employee_salary (salary_id,emp_id,taxable,loans,insurance) values (274, 1074,'no','yes','yes');
insert into hrms_employee_salary (salary_id,emp_id,taxable,loans,insurance) values (275, 1075,'no','no','no');
insert into hrms_employee_salary (salary_id,emp_id,taxable,loans,insurance) values (276, 1076,'no','no','yes');
insert into hrms_employee_salary (salary_id,emp_id,taxable,loans,insurance) values (277, 1077,'yes','no','no');
insert into hrms_employee_salary (salary_id,emp_id,taxable,loans,insurance) values (278, 1078,'no','yes','yes');
insert into hrms_employee_salary (salary_id,emp_id,taxable,loans,insurance) values (279, 1079,'yes','no','no');
insert into hrms_employee_salary (salary_id,emp_id,taxable,loans,insurance) values (280, 1080,'no','no','no');
insert into hrms_employee_salary (salary_id,emp_id,taxable,loans,insurance) values (281, 1081,'yes','no','yes');
insert into hrms_employee_salary (salary_id,emp_id,taxable,loans,insurance) values (282, 1082,'no','no','no');
insert into hrms_employee_salary (salary_id,emp_id,taxable,loans,insurance) values (283, 1083,'no','no','no');
insert into hrms_employee_salary (salary_id,emp_id,taxable,loans,insurance) values (284, 1084,'yes','no','yes');
insert into hrms_employee_salary (salary_id,emp_id,taxable,loans,insurance) values (285, 1085,'yes','yes','no');
insert into hrms_employee_salary (salary_id,emp_id,taxable,loans,insurance) values (286, 1086,'no','no','no');
insert into hrms_employee_salary (salary_id,emp_id,taxable,loans,insurance) values (287, 1087,'no','no','no');
insert into hrms_employee_salary (salary_id,emp_id,taxable,loans,insurance) values (288, 1088,'no','no','yes');
insert into hrms_employee_salary (salary_id,emp_id,taxable,loans,insurance) values (289, 1089,'yes','no','yes');
insert into hrms_employee_salary (salary_id,emp_id,taxable,loans,insurance) values (290, 1090,'yes','no','no');
insert into hrms_employee_salary (salary_id,emp_id,taxable,loans,insurance) values (291, 1091,'no','no','no');
insert into hrms_employee_salary (salary_id,emp_id,taxable,loans,insurance) values (292, 1092,'no','yes','no');
insert into hrms_employee_salary (salary_id,emp_id,taxable,loans,insurance) values (293, 1093,'yes','no','yes');
insert into hrms_employee_salary (salary_id,emp_id,taxable,loans,insurance) values (294, 1094,'yes','no','no');
insert into hrms_employee_salary (salary_id,emp_id,taxable,loans,insurance) values (295, 1095,'no','no','no');
insert into hrms_employee_salary (salary_id,emp_id,taxable,loans,insurance) values (296, 1096,'yes','no','yes');
insert into hrms_employee_salary (salary_id,emp_id,taxable,loans,insurance) values (297, 1097,'no','no','no');
insert into hrms_employee_salary (salary_id,emp_id,taxable,loans,insurance) values (298, 1098,'yes','no','yes');
insert into hrms_employee_salary (salary_id,emp_id,taxable,loans,insurance) values (299, 1099,'no','no','no');
insert into hrms_employee_salary (salary_id,emp_id,taxable,loans,insurance) values (300, 1100,'yes','no','yes');


insert into hrms_employee_asset (asset_id , emp_id , start_date , end_date) values (8001 , 1020 , '2020-02-23' , '2021-09-25');
insert into hrms_employee_asset (asset_id , emp_id , start_date , end_date) values (8002 , 1087 , '2020-03-31' , '2021-02-19');
insert into hrms_employee_asset (asset_id , emp_id , start_date , end_date) values (8003 , 1060 , '2020-08-03' , '2021-12-10');
insert into hrms_employee_asset (asset_id , emp_id , start_date , end_date) values (8004 , 1039 , '2020-03-05' , '2021-09-10');
insert into hrms_employee_asset (asset_id , emp_id , start_date , end_date) values (8005 , 1057 , '2020-11-13' , '2021-04-13');
insert into hrms_employee_asset (asset_id , emp_id , start_date , end_date) values (8006 , 1100 , '2020-06-23' , '2021-06-04');
insert into hrms_employee_asset (asset_id , emp_id , start_date , end_date) values (8007 , 1018 , '2020-01-14' , '2021-08-17');
insert into hrms_employee_asset (asset_id , emp_id , start_date , end_date) values (8008 , 1055 , '2020-05-18' , '2021-02-03');
insert into hrms_employee_asset (asset_id , emp_id , start_date , end_date) values (8001 , 1057 , '2020-09-16' , '2021-06-30');
insert into hrms_employee_asset (asset_id , emp_id , start_date , end_date) values (8002 , 1034 , '2020-03-23' , '2021-04-04');
insert into hrms_employee_asset (asset_id , emp_id , start_date , end_date) values (8003 , 1003 , '2020-11-02' , '2021-02-07');
insert into hrms_employee_asset (asset_id , emp_id , start_date , end_date) values (8004 , 1045 , '2020-02-14' , '2021-02-17');
insert into hrms_employee_asset (asset_id , emp_id , start_date , end_date) values (8005 , 1052 , '2020-02-10' , '2021-08-03');
insert into hrms_employee_asset (asset_id , emp_id , start_date , end_date) values (8006 , 1095 , '2020-08-07' , '2021-06-12');
insert into hrms_employee_asset (asset_id , emp_id , start_date , end_date) values (8007 , 1083 , '2020-07-21' , '2021-08-03');
insert into hrms_employee_asset (asset_id , emp_id , start_date , end_date) values (8008 , 1049 , '2020-03-14' , '2021-02-24');
insert into hrms_employee_asset (asset_id , emp_id , start_date , end_date) values (8001 , 1080 , '2020-10-02' , '2021-10-29');
insert into hrms_employee_asset (asset_id , emp_id , start_date , end_date) values (8002 , 1029 , '2020-01-08' , '2021-08-01');
insert into hrms_employee_asset (asset_id , emp_id , start_date , end_date) values (8003 , 1045 , '2020-09-02' , '2021-09-23');
insert into hrms_employee_asset (asset_id , emp_id , start_date , end_date) values (8004 , 1012 , '2020-10-16' , '2021-03-15');
insert into hrms_employee_asset (asset_id , emp_id , start_date , end_date) values (8005 , 1048 , '2020-06-04' , '2021-06-06');
insert into hrms_employee_asset (asset_id , emp_id , start_date , end_date) values (8006 , 1050 , '2020-08-22' , '2021-07-08');
insert into hrms_employee_asset (asset_id , emp_id , start_date , end_date) values (8007 , 1026 , '2020-01-20' , '2021-03-02');
insert into hrms_employee_asset (asset_id , emp_id , start_date , end_date) values (8008 , 1057 , '2020-04-12' , '2021-04-12');
insert into hrms_employee_asset (asset_id , emp_id , start_date , end_date) values (8001 , 1002 , '2020-05-03' , '2021-09-07');
insert into hrms_employee_asset (asset_id , emp_id , start_date , end_date) values (8002 , 1020 , '2020-04-12' , '2021-07-10');
insert into hrms_employee_asset (asset_id , emp_id , start_date , end_date) values (8003 , 1012 , '2020-04-28' , '2021-11-25');
insert into hrms_employee_asset (asset_id , emp_id , start_date , end_date) values (8004 , 1022 , '2020-01-12' , '2021-02-21');
insert into hrms_employee_asset (asset_id , emp_id , start_date , end_date) values (8005 , 1008 , '2020-02-22' , '2021-01-31');
insert into hrms_employee_asset (asset_id , emp_id , start_date , end_date) values (8006 , 1051 , '2020-06-06' , '2021-01-11');
insert into hrms_employee_asset (asset_id , emp_id , start_date , end_date) values (8007 , 1033 , '2020-07-12' , '2021-09-05');
insert into hrms_employee_asset (asset_id , emp_id , start_date , end_date) values (8008 , 1028 , '2020-12-01' , '2021-02-09');
insert into hrms_employee_asset (asset_id , emp_id , start_date , end_date) values (8001 , 1077 , '2020-04-26' , '2021-06-09');
insert into hrms_employee_asset (asset_id , emp_id , start_date , end_date) values (8002 , 1072 , '2020-10-21' , '2021-06-03');
insert into hrms_employee_asset (asset_id , emp_id , start_date , end_date) values (8003 , 1069 , '2020-02-19' , '2021-03-26');
insert into hrms_employee_asset (asset_id , emp_id , start_date , end_date) values (8004 , 1023 , '2020-08-15' , '2021-03-02');
insert into hrms_employee_asset (asset_id , emp_id , start_date , end_date) values (8005 , 1039 , '2020-01-02' , '2021-10-26');
insert into hrms_employee_asset (asset_id , emp_id , start_date , end_date) values (8006 , 1010 , '2020-05-07' , '2021-06-06');
insert into hrms_employee_asset (asset_id , emp_id , start_date , end_date) values (8007 , 1067 , '2020-04-07' , '2021-08-27');
insert into hrms_employee_asset (asset_id , emp_id , start_date , end_date) values (8008 , 1019 , '2020-07-10' , '2021-10-13');
insert into hrms_employee_asset (asset_id , emp_id , start_date , end_date) values (8001 , 1022 , '2020-04-17' , '2021-06-22');
insert into hrms_employee_asset (asset_id , emp_id , start_date , end_date) values (8002 , 1037 , '2020-03-16' , '2021-09-09');
insert into hrms_employee_asset (asset_id , emp_id , start_date , end_date) values (8003 , 1048 , '2020-07-02' , '2021-07-29');
insert into hrms_employee_asset (asset_id , emp_id , start_date , end_date) values (8004 , 1079 , '2020-03-04' , '2021-10-13');
insert into hrms_employee_asset (asset_id , emp_id , start_date , end_date) values (8005 , 1002 , '2020-02-27' , '2021-05-11');
insert into hrms_employee_asset (asset_id , emp_id , start_date , end_date) values (8006 , 1005 , '2020-12-15' , '2021-01-08');
insert into hrms_employee_asset (asset_id , emp_id , start_date , end_date) values (8007 , 1078 , '2020-11-26' , '2021-06-04');
insert into hrms_employee_asset (asset_id , emp_id , start_date , end_date) values (8008 , 1092 , '2020-10-10' , '2021-12-06');
insert into hrms_employee_asset (asset_id , emp_id , start_date , end_date) values (8001 , 1093 , '2020-08-04' , '2021-06-15');
insert into hrms_employee_asset (asset_id , emp_id , start_date , end_date) values (8002 , 1014 , '2020-05-31' , '2021-01-14');
insert into hrms_employee_asset (asset_id , emp_id , start_date , end_date) values (8003 , 1038 , '2020-09-04' , '2021-07-04');
insert into hrms_employee_asset (asset_id , emp_id , start_date , end_date) values (8004 , 1021 , '2020-07-24' , '2021-09-17');
insert into hrms_employee_asset (asset_id , emp_id , start_date , end_date) values (8005 , 1097 , '2020-12-14' , '2021-09-13');
insert into hrms_employee_asset (asset_id , emp_id , start_date , end_date) values (8006 , 1073 , '2020-09-15' , '2021-08-31');
insert into hrms_employee_asset (asset_id , emp_id , start_date , end_date) values (8007 , 1098 , '2020-07-10' , '2021-01-15');
insert into hrms_employee_asset (asset_id , emp_id , start_date , end_date) values (8008 , 1001 , '2020-09-10' , '2021-10-24');
insert into hrms_employee_asset (asset_id , emp_id , start_date , end_date) values (8001 , 1006 , '2020-12-02' , '2021-07-31');
insert into hrms_employee_asset (asset_id , emp_id , start_date , end_date) values (8002 , 1002 , '2020-03-19' , '2021-05-15');
insert into hrms_employee_asset (asset_id , emp_id , start_date , end_date) values (8003 , 1046 , '2020-12-15' , '2021-04-03');
insert into hrms_employee_asset (asset_id , emp_id , start_date , end_date) values (8004 , 1009 , '2020-02-14' , '2021-04-30');
insert into hrms_employee_asset (asset_id , emp_id , start_date , end_date) values (8005 , 1010 , '2020-05-27' , '2021-10-13');
insert into hrms_employee_asset (asset_id , emp_id , start_date , end_date) values (8006 , 1034 , '2020-08-17' , '2021-09-13');
insert into hrms_employee_asset (asset_id , emp_id , start_date , end_date) values (8007 , 1054 , '2020-11-07' , '2021-11-03');
insert into hrms_employee_asset (asset_id , emp_id , start_date , end_date) values (8008 , 1008 , '2020-01-29' , '2021-05-20');
insert into hrms_employee_asset (asset_id , emp_id , start_date , end_date) values (8001 , 1042 , '2020-02-10' , '2021-08-17');
insert into hrms_employee_asset (asset_id , emp_id , start_date , end_date) values (8002 , 1033 , '2020-06-01' , '2021-11-15');
insert into hrms_employee_asset (asset_id , emp_id , start_date , end_date) values (8003 , 1057 , '2020-01-15' , '2021-11-29');
insert into hrms_employee_asset (asset_id , emp_id , start_date , end_date) values (8004 , 1087 , '2020-11-05' , '2021-10-12');
insert into hrms_employee_asset (asset_id , emp_id , start_date , end_date) values (8005 , 1021 , '2020-06-07' , '2021-01-16');
insert into hrms_employee_asset (asset_id , emp_id , start_date , end_date) values (8006 , 1085 , '2020-09-16' , '2021-06-02');
insert into hrms_employee_asset (asset_id , emp_id , start_date , end_date) values (8007 , 1092 , '2020-01-18' , '2021-02-16');
insert into hrms_employee_asset (asset_id , emp_id , start_date , end_date) values (8008 , 1098 , '2020-09-14' , '2021-03-11');
insert into hrms_employee_asset (asset_id , emp_id , start_date , end_date) values (8001 , 1019 , '2020-10-19' , '2021-07-26');
insert into hrms_employee_asset (asset_id , emp_id , start_date , end_date) values (8002 , 1013 , '2020-04-08' , '2021-02-03');
insert into hrms_employee_asset (asset_id , emp_id , start_date , end_date) values (8003 , 1041 , '2020-06-11' , '2021-02-01');
insert into hrms_employee_asset (asset_id , emp_id , start_date , end_date) values (8004 , 1025 , '2020-04-09' , '2021-10-27');
insert into hrms_employee_asset (asset_id , emp_id , start_date , end_date) values (8005 , 1079 , '2020-08-05' , '2021-08-15');
insert into hrms_employee_asset (asset_id , emp_id , start_date , end_date) values (8006 , 1001 , '2020-07-21' , '2021-10-16');
insert into hrms_employee_asset (asset_id , emp_id , start_date , end_date) values (8007 , 1010 , '2020-02-17' , '2021-07-09');
insert into hrms_employee_asset (asset_id , emp_id , start_date , end_date) values (8008 , 1094 , '2020-10-28' , '2021-04-08');
insert into hrms_employee_asset (asset_id , emp_id , start_date , end_date) values (8001 , 1055 , '2020-01-09' , '2021-09-23');
insert into hrms_employee_asset (asset_id , emp_id , start_date , end_date) values (8002 , 1046 , '2020-11-11' , '2021-07-21');
insert into hrms_employee_asset (asset_id , emp_id , start_date , end_date) values (8003 , 1081 , '2020-09-25' , '2021-11-16');
insert into hrms_employee_asset (asset_id , emp_id , start_date , end_date) values (8004 , 1068 , '2020-11-15' , '2021-04-19');
insert into hrms_employee_asset (asset_id , emp_id , start_date , end_date) values (8005 , 1056 , '2020-04-01' , '2021-09-22');
insert into hrms_employee_asset (asset_id , emp_id , start_date , end_date) values (8006 , 1017 , '2020-01-26' , '2021-08-25');
insert into hrms_employee_asset (asset_id , emp_id , start_date , end_date) values (8007 , 1009 , '2020-09-11' , '2021-10-28');
insert into hrms_employee_asset (asset_id , emp_id , start_date , end_date) values (8008 , 1070 , '2020-03-14' , '2021-09-07');
insert into hrms_employee_asset (asset_id , emp_id , start_date , end_date) values (8001 , 1036 , '2020-04-25' , '2021-01-05');
insert into hrms_employee_asset (asset_id , emp_id , start_date , end_date) values (8002 , 1085 , '2020-08-17' , '2021-08-31');
insert into hrms_employee_asset (asset_id , emp_id , start_date , end_date) values (8003 , 1095 , '2020-09-21' , '2021-06-13');
insert into hrms_employee_asset (asset_id , emp_id , start_date , end_date) values (8004 , 1060 , '2020-02-08' , '2021-09-11');
insert into hrms_employee_asset (asset_id , emp_id , start_date , end_date) values (8005 , 1096 , '2020-11-24' , '2021-10-13');
insert into hrms_employee_asset (asset_id , emp_id , start_date , end_date) values (8006 , 1025 , '2020-10-21' , '2021-01-08');
insert into hrms_employee_asset (asset_id , emp_id , start_date , end_date) values (8007 , 1099 , '2020-08-21' , '2021-04-18');
insert into hrms_employee_asset (asset_id , emp_id , start_date , end_date) values (8008 , 1087 , '2020-09-28' , '2021-05-24');
insert into hrms_employee_asset (asset_id , emp_id , start_date , end_date) values (8001 , 1097 , '2020-04-20' , '2021-08-20');
insert into hrms_employee_asset (asset_id , emp_id , start_date , end_date) values (8002 , 1063 , '2020-06-21' , '2021-08-31');
insert into hrms_employee_asset (asset_id , emp_id , start_date , end_date) values (8003 , 1026 , '2020-08-29' , '2021-10-20');
insert into hrms_employee_asset (asset_id , emp_id , start_date , end_date) values (8004 , 1086 , '2020-08-02' , '2021-09-11');


insert into hrms_employee_trainings (training_id, emp_id, skill_id,training_completed) values (4001, 1003, 6099, 'yes');
insert into hrms_employee_trainings (training_id, emp_id, skill_id, training_completed) values (4002, 1029, 6074, 'no');
insert into hrms_employee_trainings (training_id, emp_id, skill_id, training_completed) values (4003, 1065, 6021, 'yes');
insert into hrms_employee_trainings (training_id, emp_id, skill_id, training_completed) values (4004, 1050, 6047, 'yes');
insert into hrms_employee_trainings (training_id, emp_id, skill_id, training_completed) values (4005, 1010,6034,'yes');
insert into hrms_employee_trainings (training_id, emp_id, skill_id, training_completed) values (4006, 1095, 6064, 'yes');
insert into hrms_employee_trainings (training_id, emp_id, skill_id, training_completed) values (4007, 1045,6021, 'yes');
insert into hrms_employee_trainings (training_id, emp_id, skill_id, training_completed) values (4008, 1008, 6098,'no');
insert into hrms_employee_trainings (training_id, emp_id, skill_id, training_completed) values (4009, 1065, 6009, 'no');
insert into hrms_employee_trainings (training_id, emp_id, skill_id, training_completed) values (4010, 1018,6053, 'yes');
insert into hrms_employee_trainings (training_id, emp_id, skill_id, training_completed) values (4011, 1040,6061, 'yes');
insert into hrms_employee_trainings (training_id, emp_id, skill_id, training_completed) values  (4012,1084,6042, 'no');
insert into hrms_employee_trainings (training_id, emp_id, skill_id, training_completed) values (4013, 1033,6091,'no');
insert into hrms_employee_trainings (training_id, emp_id, skill_id, training_completed) values (4014, 1043,6030, 'yes');
insert into hrms_employee_trainings (training_id, emp_id, skill_id, training_completed) values  (4015, 1064,6041, 'yes');
insert into hrms_employee_trainings (training_id, emp_id, skill_id, training_completed) values (4016, 1076, 6016, 'yes');
insert into hrms_employee_trainings (training_id, emp_id, skill_id, training_completed) values (4017, 1100,6052, 'no');
insert into hrms_employee_trainings (training_id, emp_id, skill_id, training_completed) values (4018, 1016, 6074, 'no');
insert into hrms_employee_trainings (training_id, emp_id, skill_id, training_completed) values (4019, 1082,6058, 'yes');
insert into hrms_employee_trainings (training_id, emp_id, skill_id, training_completed) values  (4020, 1009,6071, 'yes');
insert into hrms_employee_trainings (training_id, emp_id, skill_id,training_completed) values (4021, 1032,6043, 'yes');
insert into hrms_employee_trainings (training_id, emp_id, skill_id, training_completed) values (4022, 1054,6090, 'no');
insert into hrms_employee_trainings (training_id, emp_id, skill_id, training_completed) values (4023, 1020,6051,'no');
insert into hrms_employee_trainings (training_id, emp_id, skill_id, training_completed) values (4024, 1024,6039,'yes');
insert into hrms_employee_trainings (training_id, emp_id, skill_id, training_completed) values (4025, 1097,6071,'no');
insert into hrms_employee_trainings (training_id, emp_id, skill_id, training_completed) values (4026, 1056,6021,'yes');
insert into hrms_employee_trainings (training_id, emp_id, skill_id, training_completed) values (4027, 1021,6020,'no');
insert into hrms_employee_trainings (training_id, emp_id, skill_id, training_completed) values (4028, 1066,6043,'yes');
insert into hrms_employee_trainings (training_id, emp_id, skill_id, training_completed) values (4029, 1032,6083,'yes');
insert into hrms_employee_trainings (training_id, emp_id, skill_id, training_completed) values (4030, 1012,6084,'no');
insert into hrms_employee_trainings (training_id, emp_id, skill_id, training_completed) values (4031,1075,6043,'yes');
insert into hrms_employee_trainings (training_id, emp_id, skill_id, training_completed) values (4032, 1041, 6064,'no');
insert into hrms_employee_trainings (training_id, emp_id, skill_id, training_completed) values (4033, 1021,6084,'yes');
insert into hrms_employee_trainings (training_id, emp_id, skill_id, training_completed) values (4034, 1023, 6039,'no');
insert into hrms_employee_trainings (training_id, emp_id, skill_id, training_completed) values (4035,1077 ,6030, 'yes');
insert into hrms_employee_trainings (training_id, emp_id, skill_id, training_completed) values (4036,1065,6020, 'yes');
insert into hrms_employee_trainings (training_id, emp_id, skill_id, training_completed) values (4037,1020,6034,'no');
insert into hrms_employee_trainings (training_id, emp_id, skill_id, training_completed) values (4038, 1054,6076, 'yes');
insert into hrms_employee_trainings (training_id, emp_id, skill_id, training_completed) values (4039, 1022,6031,'no');
insert into hrms_employee_trainings (training_id, emp_id, skill_id, training_completed) values (4040, 1040,6032,'yes');
insert into hrms_employee_trainings (training_id, emp_id, skill_id, training_completed) values (4041, 1100,6094,'no');
insert into hrms_employee_trainings (training_id, emp_id, skill_id, training_completed) values (4042, 1023, 6075,'yes');
insert into hrms_employee_trainings (training_id, emp_id, skill_id, training_completed) values (4043, 1021, 6079,'no');
insert into hrms_employee_trainings (training_id, emp_id, skill_id, training_completed) values (4044, 1065, 6090,'no');
insert into hrms_employee_trainings (training_id, emp_id, skill_id, training_completed) values (4045, 1021,6076,'yes');
insert into hrms_employee_trainings (training_id, emp_id, skill_id, training_completed) values (4046,1031,6066,'no');
insert into hrms_employee_trainings (training_id, emp_id, skill_id, training_completed) values (4047,1043,6054, 'no');
insert into hrms_employee_trainings (training_id, emp_id, skill_id, training_completed) values (4048, 1071,6022,'no');
insert into hrms_employee_trainings (training_id, emp_id, skill_id, training_completed) values (4049,1019,6063,'no');
insert into hrms_employee_trainings (training_id, emp_id, skill_id, training_completed) values (4050,1027,6021,'yes');
insert into hrms_employee_trainings (training_id, emp_id, skill_id, training_completed) values (4051,1076,6015,'no');
insert into hrms_employee_trainings (training_id, emp_id, skill_id, training_completed) values (4052,1065,6024,'yes');
insert into hrms_employee_trainings (training_id, emp_id, skill_id, training_completed) values (4053, 1043,6066,'yes');
insert into hrms_employee_trainings (training_id, emp_id, skill_id, training_completed) values (4054, 1098,6087,'no');
insert into hrms_employee_trainings (training_id, emp_id, skill_id, training_completed) values (4055, 1100, 6001,'no');
insert into hrms_employee_trainings (training_id, emp_id, skill_id, training_completed) values (4056, 1077, 6007,'yes');
insert into hrms_employee_trainings (training_id, emp_id, skill_id, training_completed) values (4057, 1088, 6009,'no');
insert into hrms_employee_trainings (training_id, emp_id, skill_id, training_completed) values (4058, 1001, 6054,'yes');
insert into hrms_employee_trainings (training_id, emp_id, skill_id, training_completed) values (4059, 1009, 6053,'no');
insert into hrms_employee_trainings (training_id, emp_id, skill_id, training_completed) values (4060, 1053, 6069,'yes');
insert into hrms_employee_trainings (training_id, emp_id, skill_id, training_completed) values (4061, 1069, 6087, 'no');
insert into hrms_employee_trainings (training_id, emp_id, skill_id, training_completed) values (4062, 1065, 6068,'yes');
insert into hrms_employee_trainings (training_id, emp_id, skill_id, training_completed) values (4063, 1085, 6100,'no');
insert into hrms_employee_trainings (training_id, emp_id, skill_id, training_completed) values (4064, 1074, 6032,'yes');
insert into hrms_employee_trainings (training_id, emp_id, skill_id, training_completed) values (4065, 1063, 6044,'no');
insert into hrms_employee_trainings (training_id, emp_id, skill_id, training_completed) values (4066, 1052, 6080,'yes');
insert into hrms_employee_trainings (training_id, emp_id, skill_id, training_completed) values (4067, 1041, 6098, 'no');
insert into hrms_employee_trainings (training_id, emp_id, skill_id, training_completed) values (4068, 1021, 6095,'no');
insert into hrms_employee_trainings (training_id, emp_id, skill_id, training_completed) values (4069, 1055, 6023, 'yes');
insert into hrms_employee_trainings (training_id, emp_id, skill_id, training_completed) values (4070, 1056, 6043, 'no');
insert into hrms_employee_trainings (training_id, emp_id, skill_id, training_completed) values (4071, 1098,6100, 'yes');
insert into hrms_employee_trainings (training_id, emp_id, skill_id, training_completed) values (4072, 1027,6034, 'no');
insert into hrms_employee_trainings (training_id, emp_id, skill_id, training_completed) values (4073, 1024,6089, 'yes');
insert into hrms_employee_trainings (training_id, emp_id, skill_id, training_completed) values (4074, 1089,6035,'yes');
insert into hrms_employee_trainings (training_id, emp_id, skill_id, training_completed) values (4075, 1019, 6055, 'no');
insert into hrms_employee_trainings (training_id, emp_id, skill_id, training_completed) values (4076, 1032, 6087,'yes');
insert into hrms_employee_trainings (training_id, emp_id, skill_id, training_completed) values (4077, 1098, 6043,'yes');
insert into hrms_employee_trainings (training_id, emp_id, skill_id, training_completed) values (4078, 1046, 6087, 'no');
insert into hrms_employee_trainings (training_id, emp_id, skill_id, training_completed) values (4079, 1031, 6058, 'no');
insert into hrms_employee_trainings (training_id, emp_id, skill_id, training_completed) values (4080, 1078, 6032, 'yes');
insert into hrms_employee_trainings (training_id, emp_id, skill_id, training_completed) values (4081, 1099, 6078,'no');
insert into hrms_employee_trainings (training_id, emp_id, skill_id, training_completed) values (4082, 1029, 6032, 'yes');
insert into hrms_employee_trainings (training_id, emp_id, skill_id, training_completed) values (4083, 1065, 6035,'no');
insert into hrms_employee_trainings (training_id, emp_id, skill_id, training_completed) values (4084, 1032, 6044,'yes');
insert into hrms_employee_trainings (training_id, emp_id, skill_id, training_completed) values (4085, 1026,6060,'no');
insert into hrms_employee_trainings (training_id, emp_id, skill_id, training_completed) values (4086, 1032,6041,'yes');
insert into hrms_employee_trainings (training_id, emp_id, skill_id, training_completed) values (4087, 1045,6070,'yes');
insert into hrms_employee_trainings (training_id, emp_id, skill_id, training_completed) values (4088, 1014, 6032,'no');
insert into hrms_employee_trainings (training_id, emp_id, skill_id, training_completed) values (4089, 1054, 6076, 'yes');
insert into hrms_employee_trainings (training_id, emp_id, skill_id, training_completed) values (4090, 1080, 6041, 'yes');
insert into hrms_employee_trainings (training_id, emp_id, skill_id, training_completed) values (4091, 1064,6050, 'no');
insert into hrms_employee_trainings (training_id, emp_id, skill_id, training_completed) values (4092, 1046, 6023,'yes');
insert into hrms_employee_trainings (training_id, emp_id, skill_id, training_completed) values (4093, 1039, 6066,'no');
insert into hrms_employee_trainings (training_id, emp_id, skill_id, training_completed) values (4094, 1080,6012,'no');
insert into hrms_employee_trainings (training_id, emp_id, skill_id, training_completed) values (4095, 1080,6051, 'no');
insert into hrms_employee_trainings (training_id, emp_id, skill_id, training_completed) values (4096, 1061, 6065,'yes');
insert into hrms_employee_trainings (training_id, emp_id, skill_id, training_completed) values (4097, 1042,6091,'no');
insert into hrms_employee_trainings (training_id, emp_id, skill_id, training_completed) values (4098, 1087, 6054,'yes');
insert into hrms_employee_trainings (training_id, emp_id, skill_id, training_completed) values (4099, 1069,6043,'no');
insert into hrms_employee_trainings (training_id, emp_id, skill_id, training_completed) values (4100, 1076,6065,'yes');



insert into hrms_employee_leaves (leave_id, emp_id, leave_startdate, leave_enddate, leavetype) values (8001,1001,'2020-12-07', '2020-12-10', 'annual');
insert into hrms_employee_leaves (leave_id, emp_id, leave_startdate, leave_enddate, leavetype) values (8002,1049,'2020-12-14','2020-12-20', 'sick');
insert into hrms_employee_leaves (leave_id, emp_id, leave_startdate, leave_enddate, leavetype) values (8003,1050,'2020-12-18','2020-12-31', 'casual');
insert into hrms_employee_leaves (leave_id, emp_id, leave_startdate, leave_enddate, leavetype) values (8004,1070,'2020-12-21','2020-12-22', 'sick');
insert into hrms_employee_leaves (leave_id, emp_id, leave_startdate, leave_enddate, leavetype) values (8005,1076,'2020-12-22', '2020-12-24', 'annual');
insert into hrms_employee_leaves (leave_id, emp_id, leave_startdate, leave_enddate, leavetype) values (8006,1014,'2020-12-23', '2021-01-15', 'casual');
insert into hrms_employee_leaves (leave_id, emp_id, leave_startdate, leave_enddate, leavetype) values (8007,1011,'2020-12-23', '2020-01-02', 'casual');
insert into hrms_employee_leaves (leave_id, emp_id, leave_startdate, leave_enddate, leavetype) values (8008,1037,'2020-12-24', '2021-01-13', 'annual');
insert into hrms_employee_leaves (leave_id, emp_id, leave_startdate, leave_enddate, leavetype) values (8009,1065,'2020-12-24', '2021-01-02', 'sick');
insert into hrms_employee_leaves (leave_id, emp_id, leave_startdate, leave_enddate, leavetype) values (8010,1019,'2020-12-24', '2021-01-20', 'casual');
insert into hrms_employee_leaves (leave_id, emp_id, leave_startdate, leave_enddate, leavetype) values (8011,1015,'2020-12-25', '2021-01-07', 'casual');
insert into hrms_employee_leaves (leave_id, emp_id, leave_startdate, leave_enddate, leavetype) values (8012,1034,'2020-12-25', '2021-01-25', 'annual');
insert into hrms_employee_leaves (leave_id, emp_id, leave_startdate, leave_enddate, leavetype) values (8013,1007,'2020-12-25', '2021-01-04', 'sick');
insert into hrms_employee_leaves (leave_id, emp_id, leave_startdate, leave_enddate, leavetype) values (8014,1006,'2020-12-25', '2021-01-10', 'sick');
insert into hrms_employee_leaves (leave_id, emp_id, leave_startdate, leave_enddate, leavetype) values (8015,1059,'2021-01-02', '2021-01-10', 'earned');
insert into hrms_employee_leaves (leave_id, emp_id, leave_startdate, leave_enddate, leavetype) values (8016,1063, '2021-01-04', '2021-01-05', 'annual');
insert into hrms_employee_leaves (leave_id, emp_id, leave_startdate, leave_enddate, leavetype) values (8017,1027,'2021-01-04', '2021-01-08', 'casual');
insert into hrms_employee_leaves (leave_id, emp_id, leave_startdate, leave_enddate, leavetype) values (8018,1021,'2021-01-12', '2021-01-16', 'casual');
insert into hrms_employee_leaves (leave_id, emp_id, leave_startdate, leave_enddate, leavetype) values (8019,1067, '2021-01-19', '2021-02-23', 'casual');
insert into hrms_employee_leaves (leave_id, emp_id, leave_startdate, leave_enddate, leavetype) values (8020,1010,'2021-01-25', '2021-01-26', 'annual');
insert into hrms_employee_leaves (leave_id, emp_id, leave_startdate, leave_enddate, leavetype) values (8021,1014,'2020-01-26', '2021-01-30', 'sick');
insert into hrms_employee_leaves (leave_id, emp_id, leave_startdate, leave_enddate, leavetype) values (8022,1040, '2021-02-03', '2021-02-04', 'earned');
insert into hrms_employee_leaves (leave_id, emp_id, leave_startdate, leave_enddate, leavetype) values (8023,1099,'2021-02-03', '2021-02-06', 'casual');
insert into hrms_employee_leaves (leave_id, emp_id, leave_startdate, leave_enddate, leavetype) values (8024,1087,'2021-02-07', '2021-02-13', 'earned');
insert into hrms_employee_leaves (leave_id, emp_id, leave_startdate, leave_enddate, leavetype) values (8025,1045,'2021-02-11', '2021-12-15', 'earned');
insert into hrms_employee_leaves (leave_id, emp_id, leave_startdate, leave_enddate, leavetype) values (8026,1055,'2021-02-15', '2021-03-22', 'casual');
insert into hrms_employee_leaves (leave_id, emp_id, leave_startdate, leave_enddate, leavetype) values (8027,1014,'2021-02-18', '2021-02-20', 'annual');
insert into hrms_employee_leaves (leave_id, emp_id, leave_startdate, leave_enddate, leavetype) values (8028,1028,'2021-02-23', '2021-02-25', 'sick');
insert into hrms_employee_leaves (leave_id, emp_id, leave_startdate, leave_enddate, leavetype) values (8029,1061,'2021-02-24', '2021-02-26', 'annual');
insert into hrms_employee_leaves (leave_id, emp_id, leave_startdate, leave_enddate, leavetype) values (8030,1089,'2021-02-28', '2021-03-09', 'casual');
insert into hrms_employee_leaves (leave_id, emp_id, leave_startdate, leave_enddate, leavetype) values (8031,1091,'2021-03-01', '2021-03-04', 'sick');
insert into hrms_employee_leaves (leave_id, emp_id, leave_startdate, leave_enddate, leavetype) values (8032,1082,'2021-03-01', '2021-03-26', 'annual');
insert into hrms_employee_leaves (leave_id, emp_id, leave_startdate, leave_enddate, leavetype) values (8033,1021,'2021-03-03', '2021-03-12', 'casual');
insert into hrms_employee_leaves (leave_id, emp_id, leave_startdate, leave_enddate, leavetype) values (8034,1030,'2021-03-07', '2021-03-24', 'annual');
insert into hrms_employee_leaves (leave_id, emp_id, leave_startdate, leave_enddate, leavetype) values (8035,1047,'2021-03-10', '2021-03-16', 'sick');
insert into hrms_employee_leaves (leave_id, emp_id, leave_startdate, leave_enddate, leavetype) values (8036,1094,'2021-03-14', '2021-03-16', 'annual');
insert into hrms_employee_leaves (leave_id, emp_id, leave_startdate, leave_enddate, leavetype) values (8037,1033,'2021-03-19','2021-03-23', 'casual');
insert into hrms_employee_leaves (leave_id, emp_id, leave_startdate, leave_enddate, leavetype) values (8038,1097,'2021-03-21','2021-03-28', 'sick');
insert into hrms_employee_leaves (leave_id, emp_id, leave_startdate, leave_enddate, leavetype) values (8039,1090,'2021-04-04','2021-04-13', 'earned');
insert into hrms_employee_leaves (leave_id, emp_id, leave_startdate, leave_enddate, leavetype) values (8040,1087,'2021-04-07','2021-04-18', 'casual');
insert into hrms_employee_leaves (leave_id, emp_id, leave_startdate, leave_enddate, leavetype) values (8041,1054,'2021-04-11','2021-04-23', 'annual');
insert into hrms_employee_leaves (leave_id, emp_id, leave_startdate, leave_enddate, leavetype) values (8042,1093,'2021-04-14','2021-04-26', 'casual');
insert into hrms_employee_leaves (leave_id, emp_id, leave_startdate, leave_enddate, leavetype) values (8043,1084,'2021-04-16','2021-04-25', 'sick');
insert into hrms_employee_leaves (leave_id, emp_id, leave_startdate, leave_enddate, leavetype) values (8044,1031,'2021-04-21','2021-04-29', 'sick');
insert into hrms_employee_leaves (leave_id, emp_id, leave_startdate, leave_enddate, leavetype) values (8045,1063,'2021-04-25','2021-04-28', 'casual');
insert into hrms_employee_leaves (leave_id, emp_id, leave_startdate, leave_enddate, leavetype) values (8046,1097,'2021-05-02','2020-05-29', 'earned');
insert into hrms_employee_leaves (leave_id, emp_id, leave_startdate, leave_enddate, leavetype) values (8047,1040,'2021-05-05','2021-05-11', 'casual');
insert into hrms_employee_leaves (leave_id, emp_id, leave_startdate, leave_enddate, leavetype) values (8048,1057,'2021-05-09','2021-06-18', 'sick');
insert into hrms_employee_leaves (leave_id, emp_id, leave_startdate, leave_enddate, leavetype) values (8049,1013,'2021-05-13','2021-07-03', 'annual');
insert into hrms_employee_leaves (leave_id, emp_id, leave_startdate, leave_enddate, leavetype) values (8050,1092,'2021-05-17','2021-06-06', 'casual');
insert into hrms_employee_leaves (leave_id, emp_id, leave_startdate, leave_enddate, leavetype) values (8051,1032,'2021-05-20','2021-06-09', 'earned');
insert into hrms_employee_leaves (leave_id, emp_id, leave_startdate, leave_enddate, leavetype) values (8052,1082,'2021-05-22','2021-06-11', 'casual');
insert into hrms_employee_leaves (leave_id, emp_id, leave_startdate, leave_enddate, leavetype) values (8053,1096,'2021-05-22','2021-06-18', 'annual');
insert into hrms_employee_leaves (leave_id, emp_id, leave_startdate, leave_enddate, leavetype) values (8054,1056,'2021-05-27','2020-05-28', 'sick');
insert into hrms_employee_leaves (leave_id, emp_id, leave_startdate, leave_enddate, leavetype) values (8055,1021,'2021-06-01','2021-07-11', 'sick');
insert into hrms_employee_leaves (leave_id, emp_id, leave_startdate, leave_enddate, leavetype) values (8056,1084,'2021-06-03','2021-06-23', 'annual');
insert into hrms_employee_leaves (leave_id, emp_id, leave_startdate, leave_enddate, leavetype) values (8057,1015,'2021-06-08','2021-06-26', 'sick');
insert into hrms_employee_leaves (leave_id, emp_id, leave_startdate, leave_enddate, leavetype) values (8058,1032,'2021-06-10','2021-06-11', 'casual');
insert into hrms_employee_leaves (leave_id, emp_id, leave_startdate, leave_enddate, leavetype) values (8059,1004,'2021-06-13','2021-06-21', 'annual');
insert into hrms_employee_leaves (leave_id, emp_id, leave_startdate, leave_enddate, leavetype) values (8060,1005,'2021-06-17','2021-07-10', 'sick');
insert into hrms_employee_leaves (leave_id, emp_id, leave_startdate, leave_enddate, leavetype) values (8061,1080,'2021-06-21','2021-07-15', 'sick');
insert into hrms_employee_leaves (leave_id, emp_id, leave_startdate, leave_enddate, leavetype) values (8062,1040,'2021-06-27','2021-07-10', 'earned');
insert into hrms_employee_leaves (leave_id, emp_id, leave_startdate, leave_enddate, leavetype) values (8063,1005,'2021-07-01','2021-07-08', 'annual');
insert into hrms_employee_leaves (leave_id, emp_id, leave_startdate, leave_enddate, leavetype) values (8064,1011,'2021-07-03','2021-07-05', 'sick');
insert into hrms_employee_leaves (leave_id, emp_id, leave_startdate, leave_enddate, leavetype) values (8065,1072,'2021-07-06','2021-07-23', 'sick');
insert into hrms_employee_leaves (leave_id, emp_id, leave_startdate, leave_enddate, leavetype) values (8066,1029,'2021-07-12','2021-10-07', 'casual');
insert into hrms_employee_leaves (leave_id, emp_id, leave_startdate, leave_enddate, leavetype) values (8067,1069,'2021-07-17','2021-07-24', 'earned');
insert into hrms_employee_leaves (leave_id, emp_id, leave_startdate, leave_enddate, leavetype) values (8068,1035,'2021-07-25','2021-08-09', 'earned');
insert into hrms_employee_leaves (leave_id, emp_id, leave_startdate, leave_enddate, leavetype) values (8069,1054,'2021-07-28','2021-08-30', 'sick');
insert into hrms_employee_leaves (leave_id, emp_id, leave_startdate, leave_enddate, leavetype) values (8070,1084,'2021-08-03','2021-08-27', 'casual');
insert into hrms_employee_leaves (leave_id, emp_id, leave_startdate, leave_enddate, leavetype) values (8071,1065,'2021-08-06','2021-09-02', 'sick');
insert into hrms_employee_leaves (leave_id, emp_id, leave_startdate, leave_enddate, leavetype) values (8072,1040,'2021-08-11','2021-08-22', 'annual');
insert into hrms_employee_leaves (leave_id, emp_id, leave_startdate, leave_enddate, leavetype) values (8073,1070,'2021-08-13','2021-08-30', 'annual');
insert into hrms_employee_leaves (leave_id, emp_id, leave_startdate, leave_enddate, leavetype) values (8074,1060, '2021-08-17','2021-09-07', 'sick');
insert into hrms_employee_leaves (leave_id, emp_id, leave_startdate, leave_enddate, leavetype) values (8075,1048, '2021-08-23','2021-09-05', 'casual');
insert into hrms_employee_leaves (leave_id, emp_id, leave_startdate, leave_enddate, leavetype) values (8076,1058,'2021-08-24','2021-08-27', 'annual');
insert into hrms_employee_leaves (leave_id, emp_id, leave_startdate, leave_enddate, leavetype) values (8077, 1092,'2021-08-24','2021-09-13', 'sick');
insert into hrms_employee_leaves (leave_id, emp_id, leave_startdate, leave_enddate, leavetype) values (8078,1025,'2021-08-26','2021-10-26', 'casual');
insert into hrms_employee_leaves (leave_id, emp_id, leave_startdate, leave_enddate, leavetype) values (8079,1014,'2021-08-28','2021-08-29', 'annual');
insert into hrms_employee_leaves (leave_id, emp_id, leave_startdate, leave_enddate, leavetype) values (8080,1030,'2021-09-02','2021-09-16', 'casual');
insert into hrms_employee_leaves (leave_id, emp_id, leave_startdate, leave_enddate, leavetype) values (8081,1069,'2021-09-06','2021-09-19', 'sick');
insert into hrms_employee_leaves (leave_id, emp_id, leave_startdate, leave_enddate, leavetype) values (8082,1076,'2021-09-07','2021-10-29', 'annual');
insert into hrms_employee_leaves (leave_id, emp_id, leave_startdate, leave_enddate, leavetype) values (8083,1090,'2021-09-07','2021-09-12', 'casual');
insert into hrms_employee_leaves (leave_id, emp_id, leave_startdate, leave_enddate, leavetype) values (8084,1054,'2021-09-09','2021-09-14', 'annual');
insert into hrms_employee_leaves (leave_id, emp_id, leave_startdate, leave_enddate, leavetype) values (8085,1069,'2021-09-12','2021-09-15', 'earned');
insert into hrms_employee_leaves (leave_id, emp_id, leave_startdate, leave_enddate, leavetype) values (8086,1014,'2021-09-17','2021-09-21', 'casual');
insert into hrms_employee_leaves (leave_id, emp_id, leave_startdate, leave_enddate, leavetype) values (8087,1072,'2021-09-26','2021-09-28', 'annual');
insert into hrms_employee_leaves (leave_id, emp_id, leave_startdate, leave_enddate, leavetype) values (8088,1019,'2021-10-03','2021-10-10', 'sick');
insert into hrms_employee_leaves (leave_id, emp_id, leave_startdate, leave_enddate, leavetype) values (8089,1035,'2021-10-07','2021-10-08', 'sick');
insert into hrms_employee_leaves (leave_id, emp_id, leave_startdate, leave_enddate, leavetype) values (8090,1077,'2021-10-11','2020-10-17', 'casual');
insert into hrms_employee_leaves (leave_id, emp_id, leave_startdate, leave_enddate, leavetype) values (8091,1028,'2021-10-17','2021-10-22', 'annual');
insert into hrms_employee_leaves (leave_id, emp_id, leave_startdate, leave_enddate, leavetype) values (8092,1026,'2021-10-21','2020-10-24', 'sick');
insert into hrms_employee_leaves (leave_id, emp_id, leave_startdate, leave_enddate, leavetype) values (8093,1068,'2021-10-25','2021-10-26', 'casual');
insert into hrms_employee_leaves (leave_id, emp_id, leave_startdate, leave_enddate, leavetype) values (8094,1019,'2021-10-27','2021-11-16', 'earned');
insert into hrms_employee_leaves (leave_id, emp_id, leave_startdate, leave_enddate, leavetype) values (8095,1048,'2021-11-10','2021-11-22', 'annual');
insert into hrms_employee_leaves (leave_id, emp_id, leave_startdate, leave_enddate, leavetype) values (8096,1081,'2021-11-14','2021-11-19', 'casual');
insert into hrms_employee_leaves (leave_id, emp_id, leave_startdate, leave_enddate, leavetype) values (8097,1093,'2021-11-19','2021-12-05', 'earned');
insert into hrms_employee_leaves (leave_id, emp_id, leave_startdate, leave_enddate, leavetype) values (8098,1028,'2021-11-23','2021-11-26', 'casual');
insert into hrms_employee_leaves (leave_id, emp_id, leave_startdate, leave_enddate, leavetype) values (8099,1071, '2021-12-05','2021-09-10', 'earned');
insert into hrms_employee_leaves (leave_id, emp_id, leave_startdate, leave_enddate, leavetype) values (8100,1023, '2021-12-05','2021-12-11', 'annual');


insert into hrms_employee_attendance (attendance_id, emp_id, attendance_date,  time_in, time_out, remarks) values (9001, 1011,  '2021-06-24', '10:32', '20:29',  'personal'); 
insert into hrms_employee_attendance (attendance_id, emp_id, attendance_date,  time_in, time_out, remarks) values (9002, 1042,  '2021-10-02', '9:58', '20:10',  'personal'); 
insert into hrms_employee_attendance (attendance_id, emp_id, attendance_date,  time_in, time_out, remarks) values (9003, 1073,  '2021-08-10', '9:14', '18:59',  'not well');
insert into hrms_employee_attendance (attendance_id, emp_id, attendance_date,  time_in, time_out, remarks) values (9004, 1064,  '2021-09-18', '10:00', '19:25',  'N/A'); 
insert into hrms_employee_attendance (attendance_id, emp_id, attendance_date,  time_in, time_out, remarks) values (9005, 1095,  '2020-12-26', '11:17', '18:48',  'personal'); 
insert into hrms_employee_attendance (attendance_id, emp_id, attendance_date,  time_in, time_out, remarks) values (9006, 1036,  '2021-05-30', '9:14', '19:53',  'not well');
insert into hrms_employee_attendance (attendance_id, emp_id, attendance_date,  time_in, time_out, remarks) values (9007, 1027,  '2021-05-02', '10:27', '18:05',  'personal'); 
insert into hrms_employee_attendance (attendance_id, emp_id, attendance_date,  time_in, time_out, remarks) values (9008, 1008,  '2021-08-08', '9:28', '20:30',  'not well');
insert into hrms_employee_attendance (attendance_id, emp_id, attendance_date,  time_in, time_out, remarks) values (9009, 1049,  '2021-05-14', '9:27', '18:04',  'N/A'); 
insert into hrms_employee_attendance (attendance_id, emp_id, attendance_date,  time_in, time_out, remarks) values (9010, 1054,  '2021-10-12', '10:13', '18:41',  'personal'); 
insert into hrms_employee_attendance (attendance_id, emp_id, attendance_date,  time_in, time_out, remarks) values (9011, 1032,  '2021-01-21', '11:25', '20:09',  'not well');
insert into hrms_employee_attendance (attendance_id, emp_id, attendance_date,  time_in, time_out, remarks) values (9012, 1055,  '2021-01-12', '11:08', '19:31',  'N/A'); 
insert into hrms_employee_attendance (attendance_id, emp_id, attendance_date,  time_in, time_out, remarks) values (9013, 1023,  '2020-12-21', '10:20', '19:58',  'N/A'); 
insert into hrms_employee_attendance (attendance_id, emp_id, attendance_date,  time_in, time_out, remarks) values (9014, 1065,  '2021-05-29', '10:00', '18:57',  'not well');
insert into hrms_employee_attendance (attendance_id, emp_id, attendance_date,  time_in, time_out, remarks) values (9015, 1021,  '2020-12-29', '11:42', '17:55',  'personal'); 
insert into hrms_employee_attendance (attendance_id, emp_id, attendance_date,  time_in, time_out, remarks) values (9016, 1043,  '2021-07-25', '10:38', '18:05',  'not well');
insert into hrms_employee_attendance (attendance_id, emp_id, attendance_date,  time_in, time_out, remarks) values (9017, 1087,  '2020-12-25', '10:18', '20:49',  'not well');
insert into hrms_employee_attendance (attendance_id, emp_id, attendance_date,  time_in, time_out, remarks) values (9018, 1098,  '2021-02-03', '9:35', '18:23',  'not well');
insert into hrms_employee_attendance (attendance_id, emp_id, attendance_date,  time_in, time_out, remarks) values (9019, 1043,  '2021-03-29', '10:53', '18:37',  'personal'); 
insert into hrms_employee_attendance (attendance_id, emp_id, attendance_date,  time_in, time_out, remarks) values (9020, 1012,  '2021-01-06', '10:38', '20:34',  'not well');
insert into hrms_employee_attendance (attendance_id, emp_id, attendance_date,  time_in, time_out, remarks) values (9021, 1087,  '2021-10-24', '9:24', '20:24',  'personal'); 
insert into hrms_employee_attendance (attendance_id, emp_id, attendance_date,  time_in, time_out, remarks) values (9022, 1089,  '2021-04-04', '9:25', '17:25',  'not well');
insert into hrms_employee_attendance (attendance_id, emp_id, attendance_date,  time_in, time_out, remarks) values (9023, 1100,  '2021-10-21', '10:59', '20:27',  'N/A'); 
insert into hrms_employee_attendance (attendance_id, emp_id, attendance_date,  time_in, time_out, remarks) values (9024, 1054,  '2021-01-06', '9:22', '18:59',  'personal'); 
insert into hrms_employee_attendance (attendance_id, emp_id, attendance_date,  time_in, time_out, remarks) values (9025, 1043,  '2021-04-20', '11:51', '18:05',  'N/A'); 
insert into hrms_employee_attendance (attendance_id, emp_id, attendance_date,  time_in, time_out, remarks) values (9026, 1065,  '2020-12-18', '10:10', '20:44',  'personal'); 
insert into hrms_employee_attendance (attendance_id, emp_id, attendance_date,  time_in, time_out, remarks) values (9027, 1089,  '2021-01-20', '11:20', '17:21',  'not well');
insert into hrms_employee_attendance (attendance_id, emp_id, attendance_date,  time_in, time_out, remarks) values (9028, 1043,  '2021-03-31', '11:48', '20:54',  'personal'); 
insert into hrms_employee_attendance (attendance_id, emp_id, attendance_date,  time_in, time_out, remarks) values (9029, 1021,  '2021-01-26', '11:54', '20:01',  'N/A'); 
insert into hrms_employee_attendance (attendance_id, emp_id, attendance_date,  time_in, time_out, remarks) values (9030, 1089,  '2021-09-24', '9:34', '20:10',  'personal'); 
insert into hrms_employee_attendance (attendance_id, emp_id, attendance_date,  time_in, time_out, remarks) values (9031, 1045,  '2021-03-06', '9:49', '18:52',  'not well');
insert into hrms_employee_attendance (attendance_id, emp_id, attendance_date,  time_in, time_out, remarks) values (9032, 1032,  '2021-05-10', '9:22', '19:39',  'N/A'); 
insert into hrms_employee_attendance (attendance_id, emp_id, attendance_date,  time_in, time_out, remarks) values (9033, 1065,  '2021-04-23', '9:09', '18:13',  'not well');
insert into hrms_employee_attendance (attendance_id, emp_id, attendance_date,  time_in, time_out, remarks) values (9034, 1065,  '2021-01-18', '11:14', '19:28',  'N/A'); 
insert into hrms_employee_attendance (attendance_id, emp_id, attendance_date,  time_in, time_out, remarks) values (9035, 1029,  '2021-08-03', '9:10', '19:23',  'personal'); 
insert into hrms_employee_attendance (attendance_id, emp_id, attendance_date,  time_in, time_out, remarks) values (9036, 1089,  '2021-10-27', '10:53', '19:11',  'not well');
insert into hrms_employee_attendance (attendance_id, emp_id, attendance_date,  time_in, time_out, remarks) values (9037, 1043,  '2021-06-24', '9:23', '20:41',  'N/A'); 
insert into hrms_employee_attendance (attendance_id, emp_id, attendance_date,  time_in, time_out, remarks) values (9038, 1087,  '2021-11-20', '11:41', '18:21',  'not well');
insert into hrms_employee_attendance (attendance_id, emp_id, attendance_date,  time_in, time_out, remarks) values (9039, 1067,  '2021-11-17', '11:16', '17:18',  'N/A'); 
insert into hrms_employee_attendance (attendance_id, emp_id, attendance_date,  time_in, time_out, remarks) values (9040, 1054,  '2021-02-23', '11:04', '17:34',  'not well');
insert into hrms_employee_attendance (attendance_id, emp_id, attendance_date,  time_in, time_out, remarks) values (9041, 1032,  '2021-02-04', '10:38', '20:46',  'N/A'); 
insert into hrms_employee_attendance (attendance_id, emp_id, attendance_date,  time_in, time_out, remarks) values (9042, 1098,  '2021-07-17', '9:26', '17:13',  'not well');
insert into hrms_employee_attendance (attendance_id, emp_id, attendance_date,  time_in, time_out, remarks) values (9043, 1021,  '2021-08-23', '9:15', '18:31',  'N/A'); 
insert into hrms_employee_attendance (attendance_id, emp_id, attendance_date,  time_in, time_out, remarks) values (9044, 1063,  '2021-08-25', '9:14', '20:27',  'not well');
insert into hrms_employee_attendance (attendance_id, emp_id, attendance_date,  time_in, time_out, remarks) values (9045, 1100,  '2021-09-25', '10:47', '20:56',  'N/A'); 
insert into hrms_employee_attendance (attendance_id, emp_id, attendance_date,  time_in, time_out, remarks) values (9046, 1021,  '2021-08-06', '10:19', '20:07',  'personal'); 
insert into hrms_employee_attendance (attendance_id, emp_id, attendance_date,  time_in, time_out, remarks) values (9047, 1067,  '2021-06-16', '11:57', '19:13',  'N/A'); 
insert into hrms_employee_attendance (attendance_id, emp_id, attendance_date,  time_in, time_out, remarks) values (9048, 1071,  '2021-10-27', '10:01', '20:59',  'personal'); 
insert into hrms_employee_attendance (attendance_id, emp_id, attendance_date,  time_in, time_out, remarks) values (9049, 1015,  '2021-04-03', '11:44', '20:20',  'not well');
insert into hrms_employee_attendance (attendance_id, emp_id, attendance_date,  time_in, time_out, remarks) values (9050, 1020,  '2021-01-15', '9:17', '18:42',  'N/A'); 
insert into hrms_employee_attendance (attendance_id, emp_id, attendance_date,  time_in, time_out, remarks) values (9051, 1031,  '2021-09-11', '9:36', '18:41',  'personal'); 
insert into hrms_employee_attendance (attendance_id, emp_id, attendance_date,  time_in, time_out, remarks) values (9052, 1098,  '2021-06-28', '10:22', '18:59',  'not well');
insert into hrms_employee_attendance (attendance_id, emp_id, attendance_date,  time_in, time_out, remarks) values (9053, 1043,  '2021-10-06', '11:58', '18:31',  'personal'); 
insert into hrms_employee_attendance (attendance_id, emp_id, attendance_date,  time_in, time_out, remarks) values (9054, 1029,  '2021-08-11', '10:09', '19:01',  'not well');
insert into hrms_employee_attendance (attendance_id, emp_id, attendance_date,  time_in, time_out, remarks) values (9055, 1087,  '2021-05-31', '9:59', '17:35',  'N/A'); 
insert into hrms_employee_attendance (attendance_id, emp_id, attendance_date,  time_in, time_out, remarks) values (9056, 1098,  '2021-03-04', '9:23', '20:25',  'not well');
insert into hrms_employee_attendance (attendance_id, emp_id, attendance_date,  time_in, time_out, remarks) values (9057, 1043,  '2021-03-26', '10:52', '18:52',  'N/A'); 
insert into hrms_employee_attendance (attendance_id, emp_id, attendance_date,  time_in, time_out, remarks) values (9058, 1023,  '2021-04-28', '10:34', '20:31',  'not well');
insert into hrms_employee_attendance (attendance_id, emp_id, attendance_date,  time_in, time_out, remarks) values (9059, 1054,  '2021-05-24', '9:27', '19:29',  'N/A'); 
insert into hrms_employee_attendance (attendance_id, emp_id, attendance_date,  time_in, time_out, remarks) values (9060, 1023,  '2021-04-19', '10:58', '17:50',  'not well');
insert into hrms_employee_attendance (attendance_id, emp_id, attendance_date,  time_in, time_out, remarks) values (9061, 1015,  '2021-04-18', '9:54', '17:20',  'N/A'); 
insert into hrms_employee_attendance (attendance_id, emp_id, attendance_date,  time_in, time_out, remarks) values (9062, 1019,  '2021-01-30', '10:50', '18:30',  'personal'); 
insert into hrms_employee_attendance (attendance_id, emp_id, attendance_date,  time_in, time_out, remarks) values (9063, 1068,  '2021-01-27', '9:14', '19:11',  'not well');
insert into hrms_employee_attendance (attendance_id, emp_id, attendance_date,  time_in, time_out, remarks) values (9064, 1054,  '2021-06-24', '11:20', '20:00',  'N/A'); 
insert into hrms_employee_attendance (attendance_id, emp_id, attendance_date,  time_in, time_out, remarks) values (9065, 1032,  '2021-04-14', '9:06', '18:06',  'not well');
insert into hrms_employee_attendance (attendance_id, emp_id, attendance_date,  time_in, time_out, remarks) values (9066, 1023,  '2021-06-10', '10:47', '19:12',  'N/A'); 
insert into hrms_employee_attendance (attendance_id, emp_id, attendance_date,  time_in, time_out, remarks) values (9067, 1098,  '2021-08-05', '9:17', '17:14',  'not well');
insert into hrms_employee_attendance (attendance_id, emp_id, attendance_date,  time_in, time_out, remarks) values (9068, 1032,  '2021-03-06', '10:52', '17:14',  'N/A'); 
insert into hrms_employee_attendance (attendance_id, emp_id, attendance_date,  time_in, time_out, remarks) values (9069, 1060,  '2021-10-16', '10:46', '18:48',  'not well');
insert into hrms_employee_attendance (attendance_id, emp_id, attendance_date,  time_in, time_out, remarks) values (9070, 1043,  '2021-02-15', '11:16', '19:20',  'N/A'); 
insert into hrms_employee_attendance (attendance_id, emp_id, attendance_date,  time_in, time_out, remarks) values (9071, 1021,  '2021-11-22', '11:38', '20:33',  'not well');
insert into hrms_employee_attendance (attendance_id, emp_id, attendance_date,  time_in, time_out, remarks) values (9072, 1056,  '2021-09-29', '11:51', '20:55',  'N/A'); 
insert into hrms_employee_attendance (attendance_id, emp_id, attendance_date,  time_in, time_out, remarks) values (9073, 1076,  '2021-09-24', '11:47', '20:29',  'not well');
insert into hrms_employee_attendance (attendance_id, emp_id, attendance_date,  time_in, time_out, remarks) values (9074, 1032,  '2021-11-24', '9:01', '20:45',  'N/A'); 
insert into hrms_employee_attendance (attendance_id, emp_id, attendance_date,  time_in, time_out, remarks) values (9075, 1021,  '2021-10-07', '10:21', '17:29',  'not well');
insert into hrms_employee_attendance (attendance_id, emp_id, attendance_date,  time_in, time_out, remarks) values (9076, 1090,  '2021-10-02', '11:35', '18:17',  'N/A'); 
insert into hrms_employee_attendance (attendance_id, emp_id, attendance_date,  time_in, time_out, remarks) values (9077, 1043,  '2021-11-20', '9:08', '17:14',  'not well');
insert into hrms_employee_attendance (attendance_id, emp_id, attendance_date,  time_in, time_out, remarks) values (9078, 1050,  '2021-05-28', '9:53', '20:35',  'personal'); 
insert into hrms_employee_attendance (attendance_id, emp_id, attendance_date,  time_in, time_out, remarks) values (9079, 1100,  '2021-07-20', '10:01', '18:41',  'N/A'); 
insert into hrms_employee_attendance (attendance_id, emp_id, attendance_date,  time_in, time_out, remarks) values (9080, 1076,  '2021-08-04', '11:07', '20:25',  'not well');
insert into hrms_employee_attendance (attendance_id, emp_id, attendance_date,  time_in, time_out, remarks) values (9081, 1100,  '2021-05-26', '9:30', '18:14',  'personal'); 
insert into hrms_employee_attendance (attendance_id, emp_id, attendance_date,  time_in, time_out, remarks) values (9082, 1043,  '2021-02-05', '11:24', '18:37',  'N/A'); 
insert into hrms_employee_attendance (attendance_id, emp_id, attendance_date,  time_in, time_out, remarks) values (9083, 1029,  '2021-03-13', '11:53', '18:34',  'not well');
insert into hrms_employee_attendance (attendance_id, emp_id, attendance_date,  time_in, time_out, remarks) values (9084, 1065,  '2021-10-17', '9:01', '19:46',  'personal'); 
insert into hrms_employee_attendance (attendance_id, emp_id, attendance_date,  time_in, time_out, remarks) values (9085, 1032,  '2021-09-01', '11:00', '17:09',  'N/A'); 
insert into hrms_employee_attendance (attendance_id, emp_id, attendance_date,  time_in, time_out, remarks) values (9086, 1043,  '2021-05-13', '9:58', '20:57',  'personal'); 
insert into hrms_employee_attendance (attendance_id, emp_id, attendance_date,  time_in, time_out, remarks) values (9087, 1032,  '2021-03-14', '9:00', '20:07',  'not well');
insert into hrms_employee_attendance (attendance_id, emp_id, attendance_date,  time_in, time_out, remarks) values (9088, 1065,  '2021-11-17', '9:47', '17:17',  'N/A'); 
insert into hrms_employee_attendance (attendance_id, emp_id, attendance_date,  time_in, time_out, remarks) values (9089, 1043,  '2021-01-31', '11:03', '20:19',  'not well');
insert into hrms_employee_attendance (attendance_id, emp_id, attendance_date,  time_in, time_out, remarks) values (9090, 1098,  '2021-02-20', '10:37', '17:35',  'N/A'); 
insert into hrms_employee_attendance (attendance_id, emp_id, attendance_date,  time_in, time_out, remarks) values (9091, 1034,  '2021-06-01', '11:06', '19:30',  'personal'); 
insert into hrms_employee_attendance (attendance_id, emp_id, attendance_date,  time_in, time_out, remarks) values (9092, 1027,  '2021-01-29', '11:37', '18:39',  'not well');
insert into hrms_employee_attendance (attendance_id, emp_id, attendance_date,  time_in, time_out, remarks) values (9093, 1089,  '2021-02-27', '10:50', '18:04',  'N/A'); 
insert into hrms_employee_attendance (attendance_id, emp_id, attendance_date,  time_in, time_out, remarks) values (9094, 1020,  '2021-08-13', '10:46', '18:35',  'not well');
insert into hrms_employee_attendance (attendance_id, emp_id, attendance_date,  time_in, time_out, remarks) values (9095, 1050,  '2021-07-30', '11:03', '20:04',  'N/A'); 
insert into hrms_employee_attendance (attendance_id, emp_id, attendance_date,  time_in, time_out, remarks) values (9096, 1042,  '2021-06-23', '11:19', '17:12',  'not well');
insert into hrms_employee_attendance (attendance_id, emp_id, attendance_date,  time_in, time_out, remarks) values (9097, 1051,  '2021-04-26', '10:27', '19:38',  'N/A'); 
insert into hrms_employee_attendance (attendance_id, emp_id, attendance_date,  time_in, time_out, remarks) values (9098, 1039,  '2021-05-10', '11:17', '20:40',  'not well');
insert into hrms_employee_attendance (attendance_id, emp_id, attendance_date,  time_in, time_out, remarks) values (9099, 1020,  '2021-03-19', '11:40', '17:28',  'N/A'); 
insert into hrms_employee_attendance (attendance_id, emp_id, attendance_date,  time_in, time_out, remarks) values (9100, 1050,  '2021-03-17', '9:08', '19:14',  'not well');

